article,position,prior_hosting,old_url,new_url
288,1,native,https://d33v4339jhl8k0.cloudfront.net/docs/assets/5e6128602c7d3a7e9ae8bb2f/images/673e023b253ee02cb10712f7/file-ruIZRvZXAf.png,https://raw.githubusercontent.com/PrivateAuto/pa-kb-assets/main/dealnow/288/img-01.png
288,2,native,https://d33v4339jhl8k0.cloudfront.net/docs/assets/5e6128602c7d3a7e9ae8bb2f/images/68d6ff19234adb08a5d4ea63/file-vtLYj9afnA.png,https://raw.githubusercontent.com/PrivateAuto/pa-kb-assets/main/dealnow/288/img-02.png
288,3,native,https://d33v4339jhl8k0.cloudfront.net/docs/assets/5e6128602c7d3a7e9ae8bb2f/images/673e02d8253ee02cb10712f9/file-WipBewGrJD.png,https://raw.githubusercontent.com/PrivateAuto/pa-kb-assets/main/dealnow/288/img-03.png
288,4,native,https://d33v4339jhl8k0.cloudfront.net/docs/assets/5e6128602c7d3a7e9ae8bb2f/images/673e064e772e5b7dd60d86b6/file-DTCKnLTSCl.png,https://raw.githubusercontent.com/PrivateAuto/pa-kb-assets/main/dealnow/288/img-04.png
288,5,native,https://d33v4339jhl8k0.cloudfront.net/docs/assets/5e6128602c7d3a7e9ae8bb2f/images/673e079d772e5b7dd60d86b9/file-5cuX3JnHyE.png,https://raw.githubusercontent.com/PrivateAuto/pa-kb-assets/main/dealnow/288/img-05.png
290,1,external,"https://ajeuwbhvhr.cloudimg.io/colony-recorder.s3.amazonaws.com/files/2024-11-21/aaba6287-db73-4a6f-9519-90c214790f9e/ascreenshot.jpeg?tl_px=0,0&amp;br_px=1146,640&amp;force_format=jpeg&amp;q=100&amp;width=1120.0&amp;wat=1&amp;wat_opacity=0.7&amp;wat_gravity=northwest&amp;wat_url=https://colony-recorder.s3.us-west-1.amazonaws.com/images/watermarks/FB923C_standard.png&amp;wat_pad=92,95",https://raw.githubusercontent.com/PrivateAuto/pa-kb-assets/main/dealnow/290/img-01.jpg
290,2,external,"https://ajeuwbhvhr.cloudimg.io/colony-recorder.s3.amazonaws.com/files/2024-11-21/7e073ebb-b305-498f-90a6-de1906310b15/ascreenshot.jpeg?tl_px=165,92&amp;br_px=1541,861&amp;force_format=jpeg&amp;q=100&amp;width=1120.0&amp;wat=1&amp;wat_opacity=0.7&amp;wat_gravity=northwest&amp;wat_url=https://colony-recorder.s3.us-west-1.amazonaws.com/images/watermarks/FB923C_standard.png&amp;wat_pad=957,288",https://raw.githubusercontent.com/PrivateAuto/pa-kb-assets/main/dealnow/290/img-02.jpg
290,3,external,"https://ajeuwbhvhr.cloudimg.io/colony-recorder.s3.amazonaws.com/files/2024-11-21/06fb50b7-6855-4a18-8865-51ed0ea54efb/ascreenshot.jpeg?tl_px=60,99&amp;br_px=1435,868&amp;force_format=jpeg&amp;q=100&amp;width=1120.0&amp;wat=1&amp;wat_opacity=0.7&amp;wat_gravity=northwest&amp;wat_url=https://colony-recorder.s3.us-west-1.amazonaws.com/images/watermarks/FB923C_standard.png&amp;wat_pad=533,465",https://raw.githubusercontent.com/PrivateAuto/pa-kb-assets/main/dealnow/290/img-03.jpg
290,4,external,"https://ajeuwbhvhr.cloudimg.io/colony-recorder.s3.amazonaws.com/files/2024-11-21/5b39bba7-531b-4770-bfa3-0017e094d844/screenshot.jpeg?tl_px=0,0&amp;br_px=945,915&amp;force_format=jpeg&amp;q=100&amp;width=1120.0",https://raw.githubusercontent.com/PrivateAuto/pa-kb-assets/main/dealnow/290/img-04.jpg
290,5,external,"https://ajeuwbhvhr.cloudimg.io/colony-recorder.s3.amazonaws.com/files/2024-11-21/165230a1-8928-44b3-bc52-3a9d293b81bc/ascreenshot.jpeg?tl_px=61,113&amp;br_px=1436,882&amp;force_format=jpeg&amp;q=100&amp;width=1120.0&amp;wat=1&amp;wat_opacity=0.7&amp;wat_gravity=northwest&amp;wat_url=https://colony-recorder.s3.us-west-1.amazonaws.com/images/watermarks/FB923C_standard.png&amp;wat_pad=525,465",https://raw.githubusercontent.com/PrivateAuto/pa-kb-assets/main/dealnow/290/img-05.jpg
290,6,external,"https://ajeuwbhvhr.cloudimg.io/colony-recorder.s3.amazonaws.com/files/2024-11-21/bd941d11-a23c-4f33-b954-8deaba860516/ascreenshot.jpeg?tl_px=95,81&amp;br_px=1470,850&amp;force_format=jpeg&amp;q=100&amp;width=1120.0&amp;wat=1&amp;wat_opacity=0.7&amp;wat_gravity=northwest&amp;wat_url=https://colony-recorder.s3.us-west-1.amazonaws.com/images/watermarks/FB923C_standard.png&amp;wat_pad=501,486",https://raw.githubusercontent.com/PrivateAuto/pa-kb-assets/main/dealnow/290/img-06.jpg
290,7,external,"https://ajeuwbhvhr.cloudimg.io/colony-recorder.s3.amazonaws.com/files/2024-11-21/c4c69182-2618-49a4-b150-c0c17b086b2f/screenshot.jpeg?tl_px=0,0&amp;br_px=1228,597&amp;force_format=jpeg&amp;q=100&amp;width=1120.0",https://raw.githubusercontent.com/PrivateAuto/pa-kb-assets/main/dealnow/290/img-07.jpg
292,1,native,https://d33v4339jhl8k0.cloudfront.net/docs/assets/5e6128602c7d3a7e9ae8bb2f/images/6a2b213f6455b1debd170b5f/file-2RwG7uRgZR.jpg,https://raw.githubusercontent.com/PrivateAuto/pa-kb-assets/main/dealnow/292/img-01.jpg
292,2,native,https://d33v4339jhl8k0.cloudfront.net/docs/assets/5e6128602c7d3a7e9ae8bb2f/images/6a2b2146afe03b7ae239035d/file-jAuosdFh6w.jpg,https://raw.githubusercontent.com/PrivateAuto/pa-kb-assets/main/dealnow/292/img-02.jpg
292,3,native,https://d33v4339jhl8k0.cloudfront.net/docs/assets/5e6128602c7d3a7e9ae8bb2f/images/6a2b1dfa31074a6f9cc7d70d/file-lVbz2m4uZh.jpg,https://raw.githubusercontent.com/PrivateAuto/pa-kb-assets/main/dealnow/292/img-03.jpg
292,4,native,https://d33v4339jhl8k0.cloudfront.net/docs/assets/5e6128602c7d3a7e9ae8bb2f/images/6a2b1dda31074a6f9cc7d70c/file-hdJpovc98b.jpg,https://raw.githubusercontent.com/PrivateAuto/pa-kb-assets/main/dealnow/292/img-04.jpg
294,1,native,https://d33v4339jhl8k0.cloudfront.net/docs/assets/5e6128602c7d3a7e9ae8bb2f/images/673fa1cc268fb643f63a5e13/file-Ki49vS47y2.png,https://raw.githubusercontent.com/PrivateAuto/pa-kb-assets/main/dealnow/294/img-01.png
294,2,native,https://d33v4339jhl8k0.cloudfront.net/docs/assets/5e6128602c7d3a7e9ae8bb2f/images/673fa2231f08a96042003513/file-NusqMy8z38.png,https://raw.githubusercontent.com/PrivateAuto/pa-kb-assets/main/dealnow/294/img-02.png
295,1,external,"https://ajeuwbhvhr.cloudimg.io/colony-recorder.s3.amazonaws.com/files/2024-11-21/e360ed9d-5e7c-46fc-b5d4-5ee54e879c68/ascreenshot.jpeg?tl_px=0,590&amp;br_px=1719,1552&amp;force_format=jpeg&amp;q=100&amp;width=1120.0&amp;wat=1&amp;wat_opacity=0.7&amp;wat_gravity=northwest&amp;wat_url=https://colony-recorder.s3.us-west-1.amazonaws.com/images/watermarks/FB923C_standard.png&amp;wat_pad=385,402",https://raw.githubusercontent.com/PrivateAuto/pa-kb-assets/main/dealnow/295/img-01.jpg
295,2,external,"https://ajeuwbhvhr.cloudimg.io/colony-recorder.s3.amazonaws.com/files/2024-11-21/93f7c162-fc64-4776-80d6-4e6e2b4c6954/ascreenshot.jpeg?tl_px=546,151&amp;br_px=2266,1112&amp;force_format=jpeg&amp;q=100&amp;width=1120.0&amp;wat=1&amp;wat_opacity=0.7&amp;wat_gravity=northwest&amp;wat_url=https://colony-recorder.s3.us-west-1.amazonaws.com/images/watermarks/FB923C_standard.png&amp;wat_pad=860,276",https://raw.githubusercontent.com/PrivateAuto/pa-kb-assets/main/dealnow/295/img-02.jpg
295,3,external,"https://ajeuwbhvhr.cloudimg.io/colony-recorder.s3.amazonaws.com/files/2024-11-21/5543c578-ce7f-4920-b132-c7a4f1f1cd36/ascreenshot.jpeg?tl_px=14,379&amp;br_px=1734,1340&amp;force_format=jpeg&amp;q=100&amp;width=1120.0&amp;wat=1&amp;wat_opacity=0.7&amp;wat_gravity=northwest&amp;wat_url=https://colony-recorder.s3.us-west-1.amazonaws.com/images/watermarks/FB923C_standard.png&amp;wat_pad=524,277",https://raw.githubusercontent.com/PrivateAuto/pa-kb-assets/main/dealnow/295/img-03.jpg
297,1,external,"https://ajeuwbhvhr.cloudimg.io/colony-recorder.s3.amazonaws.com/files/2024-11-22/cbad7181-ec48-47cd-9045-5b03438a6354/ascreenshot.jpeg?tl_px=0,0&amp;br_px=859,480&amp;force_format=jpeg&amp;q=100&amp;width=860&amp;wat_scale=76&amp;wat=1&amp;wat_opacity=0.7&amp;wat_gravity=northwest&amp;wat_url=https://colony-recorder.s3.us-west-1.amazonaws.com/images/watermarks/FB923C_standard.png&amp;wat_pad=61,106",https://raw.githubusercontent.com/PrivateAuto/pa-kb-assets/main/dealnow/297/img-01.jpg
297,2,external,"https://ajeuwbhvhr.cloudimg.io/colony-recorder.s3.amazonaws.com/files/2024-11-22/9eb778a6-4419-4084-8bee-cd543bfca780/ascreenshot.jpeg?tl_px=134,90&amp;br_px=993,571&amp;force_format=jpeg&amp;q=100&amp;width=860&amp;wat_scale=76&amp;wat=1&amp;wat_opacity=0.7&amp;wat_gravity=northwest&amp;wat_url=https://colony-recorder.s3.us-west-1.amazonaws.com/images/watermarks/FB923C_standard.png&amp;wat_pad=402,212",https://raw.githubusercontent.com/PrivateAuto/pa-kb-assets/main/dealnow/297/img-02.jpg
297,3,external,"https://ajeuwbhvhr.cloudimg.io/colony-recorder.s3.amazonaws.com/files/2024-11-22/2a48f94f-bdcc-4cc3-9138-2aed03ea0d99/ascreenshot.jpeg?tl_px=341,244&amp;br_px=1201,725&amp;force_format=jpeg&amp;q=100&amp;width=860&amp;wat_scale=76&amp;wat=1&amp;wat_opacity=0.7&amp;wat_gravity=northwest&amp;wat_url=https://colony-recorder.s3.us-west-1.amazonaws.com/images/watermarks/FB923C_standard.png&amp;wat_pad=402,212",https://raw.githubusercontent.com/PrivateAuto/pa-kb-assets/main/dealnow/297/img-03.jpg
297,4,external,"https://ajeuwbhvhr.cloudimg.io/colony-recorder.s3.amazonaws.com/files/2024-11-22/203e9038-549e-4905-bfb3-fc2ff4c5c49f/ascreenshot.jpeg?tl_px=150,162&amp;br_px=1297,803&amp;force_format=jpeg&amp;q=100&amp;width=1120.0&amp;wat=1&amp;wat_opacity=0.7&amp;wat_gravity=northwest&amp;wat_url=https://colony-recorder.s3.us-west-1.amazonaws.com/images/watermarks/FB923C_standard.png&amp;wat_pad=524,276",https://raw.githubusercontent.com/PrivateAuto/pa-kb-assets/main/dealnow/297/img-04.jpg
297,5,external,"https://ajeuwbhvhr.cloudimg.io/colony-recorder.s3.amazonaws.com/files/2024-11-22/b2d2f828-92d9-4b1d-8604-b28a1fe805f9/user_cropped_screenshot.jpeg?tl_px=316,253&amp;br_px=1176,733&amp;force_format=jpeg&amp;q=100&amp;width=860&amp;wat_scale=76&amp;wat=1&amp;wat_opacity=0.7&amp;wat_gravity=northwest&amp;wat_url=https://colony-recorder.s3.us-west-1.amazonaws.com/images/watermarks/FB923C_standard.png&amp;wat_pad=276,230",https://raw.githubusercontent.com/PrivateAuto/pa-kb-assets/main/dealnow/297/img-05.jpg
297,6,native,https://d33v4339jhl8k0.cloudfront.net/docs/assets/5e6128602c7d3a7e9ae8bb2f/images/64626c904a2a574f4fc54641/file-PuXL9XZJFk.png,https://raw.githubusercontent.com/PrivateAuto/pa-kb-assets/main/dealnow/297/img-06.png
298,1,native,https://d33v4339jhl8k0.cloudfront.net/docs/assets/5e6128602c7d3a7e9ae8bb2f/images/67521255bdc8835448dcd998/file-VUPm65W7KL.png,https://raw.githubusercontent.com/PrivateAuto/pa-kb-assets/main/dealnow/298/img-01.png
298,2,native,https://d33v4339jhl8k0.cloudfront.net/docs/assets/5e6128602c7d3a7e9ae8bb2f/images/675213e976742c542a5749db/file-FK6dO0nzzT.png,https://raw.githubusercontent.com/PrivateAuto/pa-kb-assets/main/dealnow/298/img-02.png
298,3,native,https://d33v4339jhl8k0.cloudfront.net/docs/assets/5e6128602c7d3a7e9ae8bb2f/images/6752144254eccc6fa86c4409/file-NngypqiPdK.png,https://raw.githubusercontent.com/PrivateAuto/pa-kb-assets/main/dealnow/298/img-03.png
298,4,native,https://d33v4339jhl8k0.cloudfront.net/docs/assets/5e6128602c7d3a7e9ae8bb2f/images/67521468ad0fad3167fdf996/file-LRx1sSnQ7v.png,https://raw.githubusercontent.com/PrivateAuto/pa-kb-assets/main/dealnow/298/img-04.png
298,5,native,https://d33v4339jhl8k0.cloudfront.net/docs/assets/5e6128602c7d3a7e9ae8bb2f/images/675215abbdc8835448dcd99e/file-TzY3dGviVe.png,https://raw.githubusercontent.com/PrivateAuto/pa-kb-assets/main/dealnow/298/img-05.png
298,6,native,https://d33v4339jhl8k0.cloudfront.net/docs/assets/5e6128602c7d3a7e9ae8bb2f/images/67521662bdc8835448dcd99f/file-52F0qdv7J2.png,https://raw.githubusercontent.com/PrivateAuto/pa-kb-assets/main/dealnow/298/img-06.png
298,7,native,https://d33v4339jhl8k0.cloudfront.net/docs/assets/5e6128602c7d3a7e9ae8bb2f/images/67521673bdc8835448dcd9a0/file-2us6DrjqTM.png,https://raw.githubusercontent.com/PrivateAuto/pa-kb-assets/main/dealnow/298/img-07.png
298,8,native,https://d33v4339jhl8k0.cloudfront.net/docs/assets/5e6128602c7d3a7e9ae8bb2f/images/675216cfbdc8835448dcd9a1/file-c94tTCoc9V.png,https://raw.githubusercontent.com/PrivateAuto/pa-kb-assets/main/dealnow/298/img-08.png
298,9,native,https://d33v4339jhl8k0.cloudfront.net/docs/assets/5e6128602c7d3a7e9ae8bb2f/images/675216ea550bac2614d8e33e/file-GXjAbEpJfx.png,https://raw.githubusercontent.com/PrivateAuto/pa-kb-assets/main/dealnow/298/img-09.png
298,10,native,https://d33v4339jhl8k0.cloudfront.net/docs/assets/5e6128602c7d3a7e9ae8bb2f/images/6752176054eccc6fa86c440e/file-biQtf9PybF.png,https://raw.githubusercontent.com/PrivateAuto/pa-kb-assets/main/dealnow/298/img-10.png
298,11,native,https://d33v4339jhl8k0.cloudfront.net/docs/assets/5e6128602c7d3a7e9ae8bb2f/images/675218b2550bac2614d8e340/file-1sjWTUGnX2.png,https://raw.githubusercontent.com/PrivateAuto/pa-kb-assets/main/dealnow/298/img-11.png
299,1,native,https://d33v4339jhl8k0.cloudfront.net/docs/assets/5e6128602c7d3a7e9ae8bb2f/images/67521bab76742c542a5749df/file-OUXwFONNiU.png,https://raw.githubusercontent.com/PrivateAuto/pa-kb-assets/main/dealnow/299/img-01.png
299,2,native,https://d33v4339jhl8k0.cloudfront.net/docs/assets/5e6128602c7d3a7e9ae8bb2f/images/6753136276742c542a574a6c/file-C1EKIkvsel.png,https://raw.githubusercontent.com/PrivateAuto/pa-kb-assets/main/dealnow/299/img-02.png
299,3,native,https://d33v4339jhl8k0.cloudfront.net/docs/assets/5e6128602c7d3a7e9ae8bb2f/images/675313de1a19c80ee3288f57/file-pFiqoIFcYM.png,https://raw.githubusercontent.com/PrivateAuto/pa-kb-assets/main/dealnow/299/img-03.png
299,4,native,https://d33v4339jhl8k0.cloudfront.net/docs/assets/5e6128602c7d3a7e9ae8bb2f/images/6753142654eccc6fa86c4494/file-AM5GTkMyy9.png,https://raw.githubusercontent.com/PrivateAuto/pa-kb-assets/main/dealnow/299/img-04.png
299,5,native,https://d33v4339jhl8k0.cloudfront.net/docs/assets/5e6128602c7d3a7e9ae8bb2f/images/6753144e76742c542a574a6d/file-YRwTzhlJQV.png,https://raw.githubusercontent.com/PrivateAuto/pa-kb-assets/main/dealnow/299/img-05.png
299,6,native,https://d33v4339jhl8k0.cloudfront.net/docs/assets/5e6128602c7d3a7e9ae8bb2f/images/675314704f1d4524c541154d/file-iI7gkEF1Fz.png,https://raw.githubusercontent.com/PrivateAuto/pa-kb-assets/main/dealnow/299/img-06.png
299,7,native,https://d33v4339jhl8k0.cloudfront.net/docs/assets/5e6128602c7d3a7e9ae8bb2f/images/6753148d54eccc6fa86c4498/file-42iKOHp365.png,https://raw.githubusercontent.com/PrivateAuto/pa-kb-assets/main/dealnow/299/img-07.png
299,8,native,https://d33v4339jhl8k0.cloudfront.net/docs/assets/5e6128602c7d3a7e9ae8bb2f/images/675314aa550bac2614d8e3c9/file-1XZfmAeCh8.png,https://raw.githubusercontent.com/PrivateAuto/pa-kb-assets/main/dealnow/299/img-08.png
299,9,native,https://d33v4339jhl8k0.cloudfront.net/docs/assets/5e6128602c7d3a7e9ae8bb2f/images/675317c8ad0fad3167fdfa35/file-4IhVmuJ0v0.jpg,https://raw.githubusercontent.com/PrivateAuto/pa-kb-assets/main/dealnow/299/img-09.jpg
299,10,native,https://d33v4339jhl8k0.cloudfront.net/docs/assets/5e6128602c7d3a7e9ae8bb2f/images/675315e21a19c80ee3288f5a/file-vkQLeOffF6.png,https://raw.githubusercontent.com/PrivateAuto/pa-kb-assets/main/dealnow/299/img-10.png
299,11,native,https://d33v4339jhl8k0.cloudfront.net/docs/assets/5e6128602c7d3a7e9ae8bb2f/images/6753188d54eccc6fa86c44a2/file-enJWGCK4nu.png,https://raw.githubusercontent.com/PrivateAuto/pa-kb-assets/main/dealnow/299/img-11.png
300,1,external,"https://ajeuwbhvhr.cloudimg.io/colony-recorder.s3.amazonaws.com/files/2024-12-11/acf6334b-5313-4a96-90d5-70e1fda774d9/ascreenshot.jpeg?tl_px=0,0&amp;br_px=859,480&amp;force_format=jpeg&amp;q=100&amp;width=860&amp;wat_scale=76&amp;wat=1&amp;wat_opacity=0.7&amp;wat_gravity=northwest&amp;wat_url=https://colony-recorder.s3.us-west-1.amazonaws.com/images/watermarks/FB923C_standard.png&amp;wat_pad=56,103",https://raw.githubusercontent.com/PrivateAuto/pa-kb-assets/main/dealnow/300/img-01.jpg
300,2,external,"https://ajeuwbhvhr.cloudimg.io/colony-recorder.s3.amazonaws.com/files/2024-12-11/bd07c004-2c7c-4e25-a3ae-43f934b352dd/ascreenshot.jpeg?tl_px=165,0&amp;br_px=1541,769&amp;force_format=jpeg&amp;q=100&amp;width=1120.0&amp;wat=1&amp;wat_opacity=0.7&amp;wat_gravity=northwest&amp;wat_url=https://colony-recorder.s3.us-west-1.amazonaws.com/images/watermarks/FB923C_standard.png&amp;wat_pad=1030,20",https://raw.githubusercontent.com/PrivateAuto/pa-kb-assets/main/dealnow/300/img-02.jpg
300,3,external,"https://ajeuwbhvhr.cloudimg.io/colony-recorder.s3.amazonaws.com/files/2024-12-11/d656dc44-efbd-4be5-89df-e3080a199184/ascreenshot.jpeg?tl_px=394,37&amp;br_px=1541,678&amp;force_format=jpeg&amp;q=100&amp;width=1120.0&amp;wat=1&amp;wat_opacity=0.7&amp;wat_gravity=northwest&amp;wat_url=https://colony-recorder.s3.us-west-1.amazonaws.com/images/watermarks/FB923C_standard.png&amp;wat_pad=958,50",https://raw.githubusercontent.com/PrivateAuto/pa-kb-assets/main/dealnow/300/img-03.jpg
300,4,external,"https://ajeuwbhvhr.cloudimg.io/colony-recorder.s3.amazonaws.com/files/2024-12-11/bc413d78-09a8-428e-8b58-19db82372dfe/ascreenshot.jpeg?tl_px=341,234&amp;br_px=1201,715&amp;force_format=jpeg&amp;q=100&amp;width=860&amp;wat_scale=76&amp;wat=1&amp;wat_opacity=0.7&amp;wat_gravity=northwest&amp;wat_url=https://colony-recorder.s3.us-west-1.amazonaws.com/images/watermarks/FB923C_standard.png&amp;wat_pad=388,321",https://raw.githubusercontent.com/PrivateAuto/pa-kb-assets/main/dealnow/300/img-04.jpg
300,5,external,"https://ajeuwbhvhr.cloudimg.io/colony-recorder.s3.amazonaws.com/files/2024-12-11/9cec1223-545b-4556-92a7-a4d8bb2d71d7/ascreenshot.jpeg?tl_px=0,487&amp;br_px=859,968&amp;force_format=jpeg&amp;q=100&amp;width=860&amp;wat_scale=76&amp;wat=1&amp;wat_opacity=0.7&amp;wat_gravity=northwest&amp;wat_url=https://colony-recorder.s3.us-west-1.amazonaws.com/images/watermarks/FB923C_standard.png&amp;wat_pad=201,387",https://raw.githubusercontent.com/PrivateAuto/pa-kb-assets/main/dealnow/300/img-05.jpg
301,1,external,"https://ajeuwbhvhr.cloudimg.io/colony-recorder.s3.amazonaws.com/files/2024-12-11/64651a34-09a0-45e1-8ee5-addd7f902870/ascreenshot.jpeg?tl_px=484,487&amp;br_px=1344,968&amp;force_format=jpeg&amp;q=100&amp;width=860&amp;wat_scale=76&amp;wat=1&amp;wat_opacity=0.7&amp;wat_gravity=northwest&amp;wat_url=https://colony-recorder.s3.us-west-1.amazonaws.com/images/watermarks/FB923C_standard.png&amp;wat_pad=622,417",https://raw.githubusercontent.com/PrivateAuto/pa-kb-assets/main/dealnow/301/img-01.jpg
301,2,external,"https://ajeuwbhvhr.cloudimg.io/colony-recorder.s3.amazonaws.com/files/2024-12-11/9e616294-72e1-490b-bdc6-213f109a5275/ascreenshot.jpeg?tl_px=681,487&amp;br_px=1541,968&amp;force_format=jpeg&amp;q=100&amp;width=860&amp;wat_scale=76&amp;wat=1&amp;wat_opacity=0.7&amp;wat_gravity=northwest&amp;wat_url=https://colony-recorder.s3.us-west-1.amazonaws.com/images/watermarks/FB923C_standard.png&amp;wat_pad=411,356",https://raw.githubusercontent.com/PrivateAuto/pa-kb-assets/main/dealnow/301/img-02.jpg
301,3,external,"https://ajeuwbhvhr.cloudimg.io/colony-recorder.s3.amazonaws.com/files/2024-12-11/164ca0d5-aeb8-43fc-b54f-7420e264a350/ascreenshot.jpeg?tl_px=367,251&amp;br_px=1227,732&amp;force_format=jpeg&amp;q=100&amp;width=860&amp;wat_scale=76&amp;wat=1&amp;wat_opacity=0.7&amp;wat_gravity=northwest&amp;wat_url=https://colony-recorder.s3.us-west-1.amazonaws.com/images/watermarks/FB923C_standard.png&amp;wat_pad=497,136",https://raw.githubusercontent.com/PrivateAuto/pa-kb-assets/main/dealnow/301/img-03.jpg
301,4,external,"https://ajeuwbhvhr.cloudimg.io/colony-recorder.s3.amazonaws.com/files/2024-12-11/9f046b5d-937a-4927-a748-8f625de20b4b/ascreenshot.jpeg?tl_px=342,241&amp;br_px=1202,722&amp;force_format=jpeg&amp;q=100&amp;width=860&amp;wat_scale=76&amp;wat=1&amp;wat_opacity=0.7&amp;wat_gravity=northwest&amp;wat_url=https://colony-recorder.s3.us-west-1.amazonaws.com/images/watermarks/FB923C_standard.png&amp;wat_pad=524,203",https://raw.githubusercontent.com/PrivateAuto/pa-kb-assets/main/dealnow/301/img-04.jpg
301,5,external,"https://ajeuwbhvhr.cloudimg.io/colony-recorder.s3.amazonaws.com/files/2024-12-11/6680de8b-25f6-4c3f-9d1b-221a529396a8/ascreenshot.jpeg?tl_px=394,327&amp;br_px=1541,968&amp;force_format=jpeg&amp;q=100&amp;width=1120.0&amp;wat=1&amp;wat_opacity=0.7&amp;wat_gravity=northwest&amp;wat_url=https://colony-recorder.s3.us-west-1.amazonaws.com/images/watermarks/FB923C_standard.png&amp;wat_pad=725,559",https://raw.githubusercontent.com/PrivateAuto/pa-kb-assets/main/dealnow/301/img-05.jpg
301,6,external,"https://ajeuwbhvhr.cloudimg.io/colony-recorder.s3.amazonaws.com/files/2024-12-11/04cc8dbf-5fb8-4ead-bbcb-e2345738122d/ascreenshot.jpeg?tl_px=577,487&amp;br_px=1437,968&amp;force_format=jpeg&amp;q=100&amp;width=860&amp;wat_scale=76&amp;wat=1&amp;wat_opacity=0.7&amp;wat_gravity=northwest&amp;wat_url=https://colony-recorder.s3.us-west-1.amazonaws.com/images/watermarks/FB923C_standard.png&amp;wat_pad=402,320",https://raw.githubusercontent.com/PrivateAuto/pa-kb-assets/main/dealnow/301/img-06.jpg
301,7,external,"https://ajeuwbhvhr.cloudimg.io/colony-recorder.s3.amazonaws.com/files/2024-12-11/2e6c48e2-1971-4938-9f3e-2b5acf38a626/ascreenshot.jpeg?tl_px=161,0&amp;br_px=1308,640&amp;force_format=jpeg&amp;q=100&amp;width=1120.0&amp;wat=1&amp;wat_opacity=0.7&amp;wat_gravity=northwest&amp;wat_url=https://colony-recorder.s3.us-west-1.amazonaws.com/images/watermarks/FB923C_standard.png&amp;wat_pad=-156,5",https://raw.githubusercontent.com/PrivateAuto/pa-kb-assets/main/dealnow/301/img-07.jpg
301,8,external,"https://ajeuwbhvhr.cloudimg.io/colony-recorder.s3.amazonaws.com/files/2024-12-11/1e9321c5-e9b9-47c8-a873-235346d99991/ascreenshot.jpeg?tl_px=419,102&amp;br_px=1279,583&amp;force_format=jpeg&amp;q=100&amp;width=860&amp;wat_scale=76&amp;wat=1&amp;wat_opacity=0.7&amp;wat_gravity=northwest&amp;wat_url=https://colony-recorder.s3.us-west-1.amazonaws.com/images/watermarks/FB923C_standard.png&amp;wat_pad=402,212",https://raw.githubusercontent.com/PrivateAuto/pa-kb-assets/main/dealnow/301/img-08.jpg
301,9,external,"https://ajeuwbhvhr.cloudimg.io/colony-recorder.s3.amazonaws.com/files/2024-12-11/dd30c8a1-0c55-4f31-baea-cf8c9d086d7b/ascreenshot.jpeg?tl_px=182,152&amp;br_px=1329,793&amp;force_format=jpeg&amp;q=100&amp;width=1120.0&amp;wat=1&amp;wat_opacity=0.7&amp;wat_gravity=northwest&amp;wat_url=https://colony-recorder.s3.us-west-1.amazonaws.com/images/watermarks/FB923C_standard.png&amp;wat_pad=449,254",https://raw.githubusercontent.com/PrivateAuto/pa-kb-assets/main/dealnow/301/img-09.jpg
301,10,external,"https://ajeuwbhvhr.cloudimg.io/colony-recorder.s3.amazonaws.com/files/2024-12-11/915768da-862e-4d95-800e-10ed134a2bbc/ascreenshot.jpeg?tl_px=412,210&amp;br_px=1272,691&amp;force_format=jpeg&amp;q=100&amp;width=860&amp;wat_scale=76&amp;wat=1&amp;wat_opacity=0.7&amp;wat_gravity=northwest&amp;wat_url=https://colony-recorder.s3.us-west-1.amazonaws.com/images/watermarks/FB923C_standard.png&amp;wat_pad=402,212",https://raw.githubusercontent.com/PrivateAuto/pa-kb-assets/main/dealnow/301/img-10.jpg
301,11,external,"https://ajeuwbhvhr.cloudimg.io/colony-recorder.s3.amazonaws.com/files/2024-12-11/ce232c58-4442-447e-9c11-5d3c33f559cf/ascreenshot.jpeg?tl_px=218,146&amp;br_px=1365,787&amp;force_format=jpeg&amp;q=100&amp;width=1120.0&amp;wat=1&amp;wat_opacity=0.7&amp;wat_gravity=northwest&amp;wat_url=https://colony-recorder.s3.us-west-1.amazonaws.com/images/watermarks/FB923C_standard.png&amp;wat_pad=478,410",https://raw.githubusercontent.com/PrivateAuto/pa-kb-assets/main/dealnow/301/img-11.jpg
301,12,external,"https://ajeuwbhvhr.cloudimg.io/colony-recorder.s3.amazonaws.com/files/2024-12-11/a92a7c8e-50d3-4dac-85af-eed33e205eef/ascreenshot.jpeg?tl_px=200,67&amp;br_px=1183,617&amp;force_format=jpeg&amp;q=100&amp;width=983&amp;wat_scale=87&amp;wat=1&amp;wat_opacity=0.7&amp;wat_gravity=northwest&amp;wat_url=https://colony-recorder.s3.us-west-1.amazonaws.com/images/watermarks/FB923C_standard.png&amp;wat_pad=674,234",https://raw.githubusercontent.com/PrivateAuto/pa-kb-assets/main/dealnow/301/img-12.jpg
301,13,external,"https://ajeuwbhvhr.cloudimg.io/colony-recorder.s3.amazonaws.com/files/2024-12-11/2f772352-6868-493a-9c5b-0b4bc28b7646/ascreenshot.jpeg?tl_px=145,0&amp;br_px=1521,769&amp;force_format=jpeg&amp;q=100&amp;width=1120.0&amp;wat=1&amp;wat_opacity=0.7&amp;wat_gravity=northwest&amp;wat_url=https://colony-recorder.s3.us-west-1.amazonaws.com/images/watermarks/FB923C_standard.png&amp;wat_pad=770,373",https://raw.githubusercontent.com/PrivateAuto/pa-kb-assets/main/dealnow/301/img-13.jpg
303,1,native,https://d33v4339jhl8k0.cloudfront.net/docs/assets/5e6128602c7d3a7e9ae8bb2f/images/690144d57aa96c5816946b5d/file-l6FIzjIG72.png,https://raw.githubusercontent.com/PrivateAuto/pa-kb-assets/main/dealnow/303/img-01.png
303,2,native,https://d33v4339jhl8k0.cloudfront.net/docs/assets/5e6128602c7d3a7e9ae8bb2f/images/690144d8e978f819647c22b2/file-85INFjYQEo.png,https://raw.githubusercontent.com/PrivateAuto/pa-kb-assets/main/dealnow/303/img-02.png
303,3,native,https://d33v4339jhl8k0.cloudfront.net/docs/assets/5e6128602c7d3a7e9ae8bb2f/images/690144da7aa96c5816946b5e/file-Af07xSDvPx.png,https://raw.githubusercontent.com/PrivateAuto/pa-kb-assets/main/dealnow/303/img-03.png
304,1,external,"https://ajeuwbhvhr.cloudimg.io/https://colony-recorder.s3.amazonaws.com/files/2025-07-29/dfc2e447-0707-480b-9797-728e54999e5e/ascreenshot.jpeg?tl_px=70,0&amp;br_px=1446,769&amp;force_format=jpeg&amp;q=100&amp;width=1120.0",https://raw.githubusercontent.com/PrivateAuto/pa-kb-assets/main/dealnow/304/img-01.jpg
304,2,external,"https://ajeuwbhvhr.cloudimg.io/https://colony-recorder.s3.amazonaws.com/files/2025-07-29/14ac1e4b-39ae-49bf-9287-9edadd6fae81/ascreenshot.jpeg?tl_px=0,127&amp;br_px=1376,896&amp;force_format=jpeg&amp;q=100&amp;width=1120.0",https://raw.githubusercontent.com/PrivateAuto/pa-kb-assets/main/dealnow/304/img-02.jpg
304,3,external,"https://ajeuwbhvhr.cloudimg.io/https://colony-recorder.s3.amazonaws.com/files/2025-07-29/14ac1e4b-39ae-49bf-9287-9edadd6fae81/ascreenshot.jpeg?tl_px=0,127&amp;br_px=1376,896&amp;force_format=jpeg&amp;q=100&amp;width=1120.0",https://raw.githubusercontent.com/PrivateAuto/pa-kb-assets/main/dealnow/304/img-03.jpg
304,4,external,"https://ajeuwbhvhr.cloudimg.io/https://colony-recorder.s3.amazonaws.com/files/2025-07-29/a89dbafe-716d-4713-836d-431df929d558/ascreenshot.jpeg?tl_px=164,175&amp;br_px=1541,945&amp;force_format=jpeg&amp;q=100&amp;width=1120.0",https://raw.githubusercontent.com/PrivateAuto/pa-kb-assets/main/dealnow/304/img-04.jpg
304,5,external,"https://ajeuwbhvhr.cloudimg.io/https://colony-recorder.s3.amazonaws.com/files/2025-07-29/f653b315-3e70-4b16-8e4d-73f4b9481194/ascreenshot.jpeg?tl_px=164,175&amp;br_px=1541,945&amp;force_format=jpeg&amp;q=100&amp;width=1120.0",https://raw.githubusercontent.com/PrivateAuto/pa-kb-assets/main/dealnow/304/img-05.jpg
304,6,external,"https://ajeuwbhvhr.cloudimg.io/https://colony-recorder.s3.amazonaws.com/files/2025-07-29/84024882-d6f9-468c-b0b7-2c55d074846d/ascreenshot.jpeg?tl_px=57,175&amp;br_px=1434,945&amp;force_format=jpeg&amp;q=100&amp;width=1120.0",https://raw.githubusercontent.com/PrivateAuto/pa-kb-assets/main/dealnow/304/img-06.jpg
304,7,external,"https://ajeuwbhvhr.cloudimg.io/https://colony-recorder.s3.amazonaws.com/files/2025-07-29/c59bc2d2-940f-4a61-92a3-893683bf94e3/ascreenshot.jpeg?tl_px=164,175&amp;br_px=1541,945&amp;force_format=jpeg&amp;q=100&amp;width=1120.0",https://raw.githubusercontent.com/PrivateAuto/pa-kb-assets/main/dealnow/304/img-07.jpg
304,8,external,"https://ajeuwbhvhr.cloudimg.io/https://colony-recorder.s3.amazonaws.com/files/2025-07-29/59db8daa-6538-4b37-8232-853a46953421/ascreenshot.jpeg?tl_px=164,175&amp;br_px=1541,945&amp;force_format=jpeg&amp;q=100&amp;width=1120.0",https://raw.githubusercontent.com/PrivateAuto/pa-kb-assets/main/dealnow/304/img-08.jpg
304,9,external,"https://ajeuwbhvhr.cloudimg.io/https://colony-recorder.s3.amazonaws.com/files/2025-07-29/3994689f-b984-4265-967e-b4db6b0b99d3/ascreenshot.jpeg?tl_px=0,148&amp;br_px=1376,917&amp;force_format=jpeg&amp;q=100&amp;width=1120.0",https://raw.githubusercontent.com/PrivateAuto/pa-kb-assets/main/dealnow/304/img-09.jpg
304,10,external,"https://ajeuwbhvhr.cloudimg.io/https://colony-recorder.s3.amazonaws.com/files/2025-07-29/6a93ca40-3431-4227-b637-64bc3e5d2a1c/ascreenshot.jpeg?tl_px=7,136&amp;br_px=1384,905&amp;force_format=jpeg&amp;q=100&amp;width=1120.0",https://raw.githubusercontent.com/PrivateAuto/pa-kb-assets/main/dealnow/304/img-10.jpg
304,11,external,"https://ajeuwbhvhr.cloudimg.io/https://colony-recorder.s3.amazonaws.com/files/2025-07-29/54cdaf7c-cc7a-4f86-821c-4f2e93492eb7/ascreenshot.jpeg?tl_px=164,175&amp;br_px=1541,945&amp;force_format=jpeg&amp;q=100&amp;width=1120.0",https://raw.githubusercontent.com/PrivateAuto/pa-kb-assets/main/dealnow/304/img-11.jpg
304,12,external,"https://ajeuwbhvhr.cloudimg.io/https://colony-recorder.s3.amazonaws.com/files/2025-07-29/ef3621e7-967a-4ca3-ba96-59e31cdf69a2/ascreenshot.jpeg?tl_px=164,108&amp;br_px=1541,877&amp;force_format=jpeg&amp;q=100&amp;width=1120.0",https://raw.githubusercontent.com/PrivateAuto/pa-kb-assets/main/dealnow/304/img-12.jpg
305,1,native,https://d33v4339jhl8k0.cloudfront.net/docs/assets/5e6128602c7d3a7e9ae8bb2f/images/6979029248bf7c73267765af/file-Svs4pUIyCw.png,https://raw.githubusercontent.com/PrivateAuto/pa-kb-assets/main/dealnow/305/img-01.png
305,2,native,https://d33v4339jhl8k0.cloudfront.net/docs/assets/5e6128602c7d3a7e9ae8bb2f/images/697901f848bf7c73267765aa/file-4bOVAivFUo.png,https://raw.githubusercontent.com/PrivateAuto/pa-kb-assets/main/dealnow/305/img-02.png
305,3,native,https://d33v4339jhl8k0.cloudfront.net/docs/assets/5e6128602c7d3a7e9ae8bb2f/images/69790333e474f60bfbe69a98/file-LFBsc3lMCd.png,https://raw.githubusercontent.com/PrivateAuto/pa-kb-assets/main/dealnow/305/img-03.png
307,1,native,https://d33v4339jhl8k0.cloudfront.net/docs/assets/5e6128602c7d3a7e9ae8bb2f/images/68e8351d14f0340e8d85213c/file-ezJOsMB2sD.png,https://raw.githubusercontent.com/PrivateAuto/pa-kb-assets/main/dealnow/307/img-01.png
307,2,native,https://d33v4339jhl8k0.cloudfront.net/docs/assets/5e6128602c7d3a7e9ae8bb2f/images/68e836753679791e1646c5fb/file-Y1uodGR35U.png,https://raw.githubusercontent.com/PrivateAuto/pa-kb-assets/main/dealnow/307/img-02.png
307,3,external,"https://ajeuwbhvhr.cloudimg.io/colony-recorder.s3.amazonaws.com/files/2025-03-07/e89b1cd9-18f4-4235-ac3e-53ff98ae623e/ascreenshot.jpeg?tl_px=122,357&amp;br_px=1269,998&amp;force_format=jpeg&amp;q=100&amp;width=1120.0&amp;wat=1&amp;wat_opacity=1&amp;wat_gravity=northwest&amp;wat_url=https://colony-recorder.s3.amazonaws.com/images/watermarks/0EA5E9_standard.png&amp;wat_pad=717,426",https://raw.githubusercontent.com/PrivateAuto/pa-kb-assets/main/dealnow/307/img-03.jpg
307,4,external,"https://ajeuwbhvhr.cloudimg.io/colony-recorder.s3.amazonaws.com/files/2025-03-07/bd46d9c4-1dfc-4838-a3e3-e808d67d2b62/ascreenshot.jpeg?tl_px=0,201&amp;br_px=1376,970&amp;force_format=jpeg&amp;q=100&amp;width=1120.0&amp;wat=1&amp;wat_opacity=1&amp;wat_gravity=northwest&amp;wat_url=https://colony-recorder.s3.amazonaws.com/images/watermarks/0EA5E9_standard.png&amp;wat_pad=312,535",https://raw.githubusercontent.com/PrivateAuto/pa-kb-assets/main/dealnow/307/img-04.jpg
313,1,external,"https://ajeuwbhvhr.cloudimg.io/https://colony-recorder.s3.amazonaws.com/files/2025-08-19/61e66665-93e8-4596-8dca-7298323efb7f/ascreenshot.jpeg?tl_px=39,62&amp;br_px=1416,831&amp;force_format=jpeg&amp;q=100&amp;width=1120.0&amp;wat=1&amp;wat_opacity=0.7&amp;wat_gravity=northwest&amp;wat_url=https://colony-recorder.s3.us-west-1.amazonaws.com/images/watermarks/FB923C_standard.png&amp;wat_pad=436,541",https://raw.githubusercontent.com/PrivateAuto/pa-kb-assets/main/dealnow/313/img-01.jpg
313,2,external,"https://ajeuwbhvhr.cloudimg.io/https://colony-recorder.s3.amazonaws.com/files/2025-08-19/ddca12f8-418c-4419-bfd1-8e9bcd38cb04/ascreenshot.jpeg?tl_px=90,150&amp;br_px=1467,919&amp;force_format=jpeg&amp;q=100&amp;width=1120.0&amp;wat=1&amp;wat_opacity=0.7&amp;wat_gravity=northwest&amp;wat_url=https://colony-recorder.s3.us-west-1.amazonaws.com/images/watermarks/FB923C_standard.png&amp;wat_pad=524,277",https://raw.githubusercontent.com/PrivateAuto/pa-kb-assets/main/dealnow/313/img-02.jpg
313,3,external,"https://ajeuwbhvhr.cloudimg.io/https://colony-recorder.s3.amazonaws.com/files/2025-08-19/a599671f-9de4-4199-9828-a11c17f245e0/ascreenshot.jpeg?tl_px=125,175&amp;br_px=1501,945&amp;force_format=jpeg&amp;q=100&amp;width=1120.0&amp;wat=1&amp;wat_opacity=0.7&amp;wat_gravity=northwest&amp;wat_url=https://colony-recorder.s3.us-west-1.amazonaws.com/images/watermarks/FB923C_standard.png&amp;wat_pad=523,308",https://raw.githubusercontent.com/PrivateAuto/pa-kb-assets/main/dealnow/313/img-03.jpg
313,4,external,"https://ajeuwbhvhr.cloudimg.io/https://colony-recorder.s3.amazonaws.com/files/2025-08-19/c60fa56f-8013-4ad3-8f09-4ce05f801672/ascreenshot.jpeg?tl_px=164,98&amp;br_px=1541,867&amp;force_format=jpeg&amp;q=100&amp;width=1120.0&amp;wat=1&amp;wat_opacity=0.7&amp;wat_gravity=northwest&amp;wat_url=https://colony-recorder.s3.us-west-1.amazonaws.com/images/watermarks/FB923C_standard.png&amp;wat_pad=545,276",https://raw.githubusercontent.com/PrivateAuto/pa-kb-assets/main/dealnow/313/img-04.jpg
313,5,external,"https://ajeuwbhvhr.cloudimg.io/https://colony-recorder.s3.amazonaws.com/files/2025-08-19/529ee2d7-581d-4ef6-a48b-688b2b4e8da5/ascreenshot.jpeg?tl_px=114,175&amp;br_px=1490,945&amp;force_format=jpeg&amp;q=100&amp;width=1120.0&amp;wat=1&amp;wat_opacity=0.7&amp;wat_gravity=northwest&amp;wat_url=https://colony-recorder.s3.us-west-1.amazonaws.com/images/watermarks/FB923C_standard.png&amp;wat_pad=524,353",https://raw.githubusercontent.com/PrivateAuto/pa-kb-assets/main/dealnow/313/img-05.jpg
313,6,external,"https://ajeuwbhvhr.cloudimg.io/https://colony-recorder.s3.amazonaws.com/files/2025-08-19/5bb2a5a6-0845-4bc0-9d15-6fdedda2f86a/ascreenshot.jpeg?tl_px=164,154&amp;br_px=1541,923&amp;force_format=jpeg&amp;q=100&amp;width=1120.0&amp;wat=1&amp;wat_opacity=0.7&amp;wat_gravity=northwest&amp;wat_url=https://colony-recorder.s3.us-west-1.amazonaws.com/images/watermarks/FB923C_standard.png&amp;wat_pad=576,277",https://raw.githubusercontent.com/PrivateAuto/pa-kb-assets/main/dealnow/313/img-06.jpg
313,7,external,"https://ajeuwbhvhr.cloudimg.io/https://colony-recorder.s3.amazonaws.com/files/2025-08-19/8cce337f-da05-459e-8258-93a30b2602ed/ascreenshot.jpeg?tl_px=164,175&amp;br_px=1541,945&amp;force_format=jpeg&amp;q=100&amp;width=1120.0&amp;wat=1&amp;wat_opacity=0.7&amp;wat_gravity=northwest&amp;wat_url=https://colony-recorder.s3.us-west-1.amazonaws.com/images/watermarks/FB923C_standard.png&amp;wat_pad=707,369",https://raw.githubusercontent.com/PrivateAuto/pa-kb-assets/main/dealnow/313/img-07.jpg
313,8,external,"https://ajeuwbhvhr.cloudimg.io/https://colony-recorder.s3.amazonaws.com/files/2025-08-19/377e62de-60e8-4328-9ee9-faae47c294ee/ascreenshot.jpeg?tl_px=164,175&amp;br_px=1541,945&amp;force_format=jpeg&amp;q=100&amp;width=1120.0&amp;wat=1&amp;wat_opacity=0.7&amp;wat_gravity=northwest&amp;wat_url=https://colony-recorder.s3.us-west-1.amazonaws.com/images/watermarks/FB923C_standard.png&amp;wat_pad=723,493",https://raw.githubusercontent.com/PrivateAuto/pa-kb-assets/main/dealnow/313/img-08.jpg
313,9,external,"https://ajeuwbhvhr.cloudimg.io/https://colony-recorder.s3.amazonaws.com/files/2025-08-19/b28c60d8-7c83-4696-8e5a-712e67002a45/ascreenshot.jpeg?tl_px=164,175&amp;br_px=1541,945&amp;force_format=jpeg&amp;q=100&amp;width=1120.0&amp;wat=1&amp;wat_opacity=0.7&amp;wat_gravity=northwest&amp;wat_url=https://colony-recorder.s3.us-west-1.amazonaws.com/images/watermarks/FB923C_standard.png&amp;wat_pad=777,296",https://raw.githubusercontent.com/PrivateAuto/pa-kb-assets/main/dealnow/313/img-09.jpg
313,10,external,"https://ajeuwbhvhr.cloudimg.io/https://colony-recorder.s3.amazonaws.com/files/2025-08-19/e8a7c14f-874f-48e8-93b2-fd27c567ab3b/ascreenshot.jpeg?tl_px=0,173&amp;br_px=1376,942&amp;force_format=jpeg&amp;q=100&amp;width=1120.0&amp;wat=1&amp;wat_opacity=0.7&amp;wat_gravity=northwest&amp;wat_url=https://colony-recorder.s3.us-west-1.amazonaws.com/images/watermarks/FB923C_standard.png&amp;wat_pad=368,276",https://raw.githubusercontent.com/PrivateAuto/pa-kb-assets/main/dealnow/313/img-10.jpg
316,1,native,https://d33v4339jhl8k0.cloudfront.net/docs/assets/5e6128602c7d3a7e9ae8bb2f/images/68cda4b940cdfb22d1b5247a/file-NCkuQmxLqT.png,https://raw.githubusercontent.com/PrivateAuto/pa-kb-assets/main/dealnow/316/img-01.png
316,2,native,https://d33v4339jhl8k0.cloudfront.net/docs/assets/5e6128602c7d3a7e9ae8bb2f/images/68cda586ff0d217bae172ba4/file-f2WWyJqnBr.png,https://raw.githubusercontent.com/PrivateAuto/pa-kb-assets/main/dealnow/316/img-02.png
316,3,native,https://d33v4339jhl8k0.cloudfront.net/docs/assets/5e6128602c7d3a7e9ae8bb2f/images/68d425ddce279b72a9bb5b47/file-TihhI07q9c.png,https://raw.githubusercontent.com/PrivateAuto/pa-kb-assets/main/dealnow/316/img-03.png
317,1,external,"https://ajeuwbhvhr.cloudimg.io/https://colony-recorder.s3.amazonaws.com/files/2025-11-25/69684340-f6c2-4efb-9eb4-5e038f221a5c/user_cropped_screenshot.webp?tl_px=218,1&amp;br_px=1541,740&amp;force_format=jpeg&amp;q=100&amp;width=1120.0&amp;wat=1&amp;wat_opacity=1&amp;wat_gravity=northwest&amp;wat_url=https://colony-recorder.s3.amazonaws.com/images/watermarks/0EA5E9_standard.png&amp;wat_pad=733,159",https://raw.githubusercontent.com/PrivateAuto/pa-kb-assets/main/dealnow/317/img-01.webp
317,2,external,"https://ajeuwbhvhr.cloudimg.io/https://colony-recorder.s3.amazonaws.com/files/2025-11-25/92d26ae4-5781-47cf-aa6a-029ab5498da3/user_cropped_screenshot.webp?tl_px=65,0&amp;br_px=1612,863&amp;force_format=jpeg&amp;q=100&amp;width=1120.0&amp;wat=1&amp;wat_opacity=1&amp;wat_gravity=northwest&amp;wat_url=https://colony-recorder.s3.amazonaws.com/images/watermarks/0EA5E9_standard.png&amp;wat_pad=602,508",https://raw.githubusercontent.com/PrivateAuto/pa-kb-assets/main/dealnow/317/img-02.webp
317,3,external,"https://ajeuwbhvhr.cloudimg.io/https://colony-recorder.s3.amazonaws.com/files/2025-11-25/164b61d5-5ae5-46ce-a261-a0902b33d7f8/user_cropped_screenshot.webp?tl_px=0,4&amp;br_px=1376,773&amp;force_format=jpeg&amp;q=100&amp;width=1120.0&amp;wat=1&amp;wat_opacity=1&amp;wat_gravity=northwest&amp;wat_url=https://colony-recorder.s3.amazonaws.com/images/watermarks/0EA5E9_standard.png&amp;wat_pad=545,322",https://raw.githubusercontent.com/PrivateAuto/pa-kb-assets/main/dealnow/317/img-03.webp
317,4,external,"https://ajeuwbhvhr.cloudimg.io/https://colony-recorder.s3.amazonaws.com/files/2025-11-25/31fee31d-6edc-413a-a649-a025d56e4430/user_cropped_screenshot.webp?tl_px=269,146&amp;br_px=1416,787&amp;force_format=jpeg&amp;q=100&amp;width=1120.0&amp;wat=1&amp;wat_opacity=1&amp;wat_gravity=northwest&amp;wat_url=https://colony-recorder.s3.amazonaws.com/images/watermarks/0EA5E9_standard.png&amp;wat_pad=246,417",https://raw.githubusercontent.com/PrivateAuto/pa-kb-assets/main/dealnow/317/img-04.webp
317,5,external,"https://ajeuwbhvhr.cloudimg.io/https://colony-recorder.s3.amazonaws.com/files/2025-11-25/8f3cd336-11f2-4e86-b045-a41e86470c71/user_cropped_screenshot.webp?tl_px=0,27&amp;br_px=1376,796&amp;force_format=jpeg&amp;q=100&amp;width=1120.0&amp;wat=1&amp;wat_opacity=1&amp;wat_gravity=northwest&amp;wat_url=https://colony-recorder.s3.amazonaws.com/images/watermarks/0EA5E9_standard.png&amp;wat_pad=222,277",https://raw.githubusercontent.com/PrivateAuto/pa-kb-assets/main/dealnow/317/img-05.webp
317,6,external,"https://ajeuwbhvhr.cloudimg.io/https://colony-recorder.s3.amazonaws.com/files/2025-11-25/53ff338b-e2d8-424a-a503-71122656ede3/user_cropped_screenshot.webp?tl_px=94,67&amp;br_px=1470,836&amp;force_format=jpeg&amp;q=100&amp;width=1120.0&amp;wat=1&amp;wat_opacity=1&amp;wat_gravity=northwest&amp;wat_url=https://colony-recorder.s3.amazonaws.com/images/watermarks/0EA5E9_standard.png&amp;wat_pad=527,387",https://raw.githubusercontent.com/PrivateAuto/pa-kb-assets/main/dealnow/317/img-06.webp
317,7,external,"https://ajeuwbhvhr.cloudimg.io/https://colony-recorder.s3.amazonaws.com/files/2025-11-25/c88ac0f2-b794-41d4-a428-3d9f1466b31a/user_cropped_screenshot.webp?tl_px=87,72&amp;br_px=1464,841&amp;force_format=jpeg&amp;q=100&amp;width=1120.0&amp;wat=1&amp;wat_opacity=1&amp;wat_gravity=northwest&amp;wat_url=https://colony-recorder.s3.amazonaws.com/images/watermarks/0EA5E9_standard.png&amp;wat_pad=476,298",https://raw.githubusercontent.com/PrivateAuto/pa-kb-assets/main/dealnow/317/img-07.webp
317,8,external,"https://ajeuwbhvhr.cloudimg.io/https://colony-recorder.s3.amazonaws.com/files/2025-11-25/fd325fbb-252f-40e3-8314-474f3c3419a1/user_cropped_screenshot.webp?tl_px=108,22&amp;br_px=1485,792&amp;force_format=jpeg&amp;q=100&amp;width=1120.0&amp;wat=1&amp;wat_opacity=1&amp;wat_gravity=northwest&amp;wat_url=https://colony-recorder.s3.amazonaws.com/images/watermarks/0EA5E9_standard.png&amp;wat_pad=524,411",https://raw.githubusercontent.com/PrivateAuto/pa-kb-assets/main/dealnow/317/img-08.webp
317,9,external,"https://ajeuwbhvhr.cloudimg.io/https://colony-recorder.s3.amazonaws.com/files/2025-11-25/8222e32f-678d-4a0e-9dfe-cfc4edafa829/ascreenshot.jpeg?tl_px=396,310&amp;br_px=1772,1080&amp;force_format=jpeg&amp;q=100&amp;width=1120.0&amp;wat=1&amp;wat_opacity=1&amp;wat_gravity=northwest&amp;wat_url=https://colony-recorder.s3.amazonaws.com/images/watermarks/0EA5E9_standard.png&amp;wat_pad=524,331",https://raw.githubusercontent.com/PrivateAuto/pa-kb-assets/main/dealnow/317/img-09.jpg
317,10,external,"https://ajeuwbhvhr.cloudimg.io/https://colony-recorder.s3.amazonaws.com/files/2025-11-25/025f3fb1-b785-4320-9e55-b6b0f7828d48/user_cropped_screenshot.webp?tl_px=0,0&amp;br_px=1376,769&amp;force_format=jpeg&amp;q=100&amp;width=1120.0&amp;wat=1&amp;wat_opacity=1&amp;wat_gravity=northwest&amp;wat_url=https://colony-recorder.s3.amazonaws.com/images/watermarks/0EA5E9_standard.png&amp;wat_pad=123,257",https://raw.githubusercontent.com/PrivateAuto/pa-kb-assets/main/dealnow/317/img-10.webp
317,11,external,"https://ajeuwbhvhr.cloudimg.io/https://colony-recorder.s3.amazonaws.com/files/2025-11-25/182b6e52-b5fc-4681-ae3e-197a0ea43348/ascreenshot.jpeg?tl_px=329,218&amp;br_px=1706,987&amp;force_format=jpeg&amp;q=100&amp;width=1120.0&amp;wat=1&amp;wat_opacity=1&amp;wat_gravity=northwest&amp;wat_url=https://colony-recorder.s3.amazonaws.com/images/watermarks/0EA5E9_standard.png&amp;wat_pad=524,277",https://raw.githubusercontent.com/PrivateAuto/pa-kb-assets/main/dealnow/317/img-11.jpg
317,12,external,"https://ajeuwbhvhr.cloudimg.io/https://colony-recorder.s3.amazonaws.com/files/2025-11-25/f61ad375-1a0f-4030-b66e-b02aa01c6780/user_cropped_screenshot.webp?tl_px=108,109&amp;br_px=1484,879&amp;force_format=jpeg&amp;q=100&amp;width=1120.0&amp;wat=1&amp;wat_opacity=1&amp;wat_gravity=northwest&amp;wat_url=https://colony-recorder.s3.amazonaws.com/images/watermarks/0EA5E9_standard.png&amp;wat_pad=524,377",https://raw.githubusercontent.com/PrivateAuto/pa-kb-assets/main/dealnow/317/img-12.webp
317,13,external,"https://ajeuwbhvhr.cloudimg.io/https://colony-recorder.s3.amazonaws.com/files/2025-11-25/a29bb575-c758-4978-90f2-1155b4c36c2f/user_cropped_screenshot.webp?tl_px=122,67&amp;br_px=1499,836&amp;force_format=jpeg&amp;q=100&amp;width=1120.0&amp;wat=1&amp;wat_opacity=1&amp;wat_gravity=northwest&amp;wat_url=https://colony-recorder.s3.amazonaws.com/images/watermarks/0EA5E9_standard.png&amp;wat_pad=527,502",https://raw.githubusercontent.com/PrivateAuto/pa-kb-assets/main/dealnow/317/img-13.webp
317,14,external,"https://ajeuwbhvhr.cloudimg.io/https://colony-recorder.s3.amazonaws.com/files/2025-11-25/617cd149-5d7f-4538-98c0-8a77a12712ad/user_cropped_screenshot.webp?tl_px=186,79&amp;br_px=1563,848&amp;force_format=jpeg&amp;q=100&amp;width=1120.0&amp;wat=1&amp;wat_opacity=1&amp;wat_gravity=northwest&amp;wat_url=https://colony-recorder.s3.amazonaws.com/images/watermarks/0EA5E9_standard.png&amp;wat_pad=555,535",https://raw.githubusercontent.com/PrivateAuto/pa-kb-assets/main/dealnow/317/img-14.webp
317,15,external,"https://ajeuwbhvhr.cloudimg.io/https://colony-recorder.s3.amazonaws.com/files/2025-11-25/e14da2e8-5fd6-41a5-99df-5e4a1b9801db/user_cropped_screenshot.webp?tl_px=0,0&amp;br_px=1668,891&amp;force_format=jpeg&amp;q=100&amp;width=1120.0&amp;wat=1&amp;wat_opacity=1&amp;wat_gravity=northwest&amp;wat_url=https://colony-recorder.s3.amazonaws.com/images/watermarks/0EA5E9_standard.png&amp;wat_pad=971,316",https://raw.githubusercontent.com/PrivateAuto/pa-kb-assets/main/dealnow/317/img-15.webp
317,16,external,"https://ajeuwbhvhr.cloudimg.io/https://colony-recorder.s3.amazonaws.com/files/2025-11-25/6f010f2f-1047-4ce7-b566-6ae2cf15d96d/user_cropped_screenshot.webp?tl_px=89,101&amp;br_px=1465,871&amp;force_format=jpeg&amp;q=100&amp;width=1120.0&amp;wat=1&amp;wat_opacity=1&amp;wat_gravity=northwest&amp;wat_url=https://colony-recorder.s3.amazonaws.com/images/watermarks/0EA5E9_standard.png&amp;wat_pad=524,454",https://raw.githubusercontent.com/PrivateAuto/pa-kb-assets/main/dealnow/317/img-16.webp
317,17,external,"https://ajeuwbhvhr.cloudimg.io/https://colony-recorder.s3.amazonaws.com/files/2025-11-25/978e9ef6-bfef-459a-b0ea-2edeb005ab4d/user_cropped_screenshot.webp?tl_px=188,27&amp;br_px=1564,796&amp;force_format=jpeg&amp;q=100&amp;width=1120.0&amp;wat=1&amp;wat_opacity=1&amp;wat_gravity=northwest&amp;wat_url=https://colony-recorder.s3.amazonaws.com/images/watermarks/0EA5E9_standard.png&amp;wat_pad=524,277",https://raw.githubusercontent.com/PrivateAuto/pa-kb-assets/main/dealnow/317/img-17.webp
317,18,external,"https://ajeuwbhvhr.cloudimg.io/https://colony-recorder.s3.amazonaws.com/files/2025-11-25/3d441728-9933-4c1d-967d-c05ec5c0d20a/user_cropped_screenshot.webp?tl_px=87,0&amp;br_px=1464,769&amp;force_format=jpeg&amp;q=100&amp;width=1120.0&amp;wat=1&amp;wat_opacity=1&amp;wat_gravity=northwest&amp;wat_url=https://colony-recorder.s3.amazonaws.com/images/watermarks/0EA5E9_standard.png&amp;wat_pad=524,246",https://raw.githubusercontent.com/PrivateAuto/pa-kb-assets/main/dealnow/317/img-18.webp
317,19,external,"https://ajeuwbhvhr.cloudimg.io/https://colony-recorder.s3.amazonaws.com/files/2025-11-25/58b99427-7cf4-408c-b144-66252a4e70e2/user_cropped_screenshot.webp?tl_px=87,101&amp;br_px=1464,871&amp;force_format=jpeg&amp;q=100&amp;width=1120.0&amp;wat=1&amp;wat_opacity=1&amp;wat_gravity=northwest&amp;wat_url=https://colony-recorder.s3.amazonaws.com/images/watermarks/0EA5E9_standard.png&amp;wat_pad=524,391",https://raw.githubusercontent.com/PrivateAuto/pa-kb-assets/main/dealnow/317/img-19.webp
317,20,external,"https://ajeuwbhvhr.cloudimg.io/https://colony-recorder.s3.amazonaws.com/files/2025-11-25/27cf073c-1f1c-4e17-ad77-bf8ed6767964/user_cropped_screenshot.webp?tl_px=0,0&amp;br_px=1376,769&amp;force_format=jpeg&amp;q=100&amp;width=1120.0&amp;wat=1&amp;wat_opacity=1&amp;wat_gravity=northwest&amp;wat_url=https://colony-recorder.s3.amazonaws.com/images/watermarks/0EA5E9_standard.png&amp;wat_pad=151,270",https://raw.githubusercontent.com/PrivateAuto/pa-kb-assets/main/dealnow/317/img-20.webp
317,21,external,"https://ajeuwbhvhr.cloudimg.io/https://colony-recorder.s3.amazonaws.com/files/2025-11-25/14215d8a-bcef-45ed-8e63-1b789e7cd1a5/user_cropped_screenshot.webp?tl_px=87,115&amp;br_px=1464,885&amp;force_format=jpeg&amp;q=100&amp;width=1120.0&amp;wat=1&amp;wat_opacity=1&amp;wat_gravity=northwest&amp;wat_url=https://colony-recorder.s3.amazonaws.com/images/watermarks/0EA5E9_standard.png&amp;wat_pad=524,312",https://raw.githubusercontent.com/PrivateAuto/pa-kb-assets/main/dealnow/317/img-21.webp
317,22,external,"https://ajeuwbhvhr.cloudimg.io/https://colony-recorder.s3.amazonaws.com/files/2025-11-25/d090bf69-9036-4cea-80a8-7b708d396bcf/user_cropped_screenshot.webp?tl_px=0,0&amp;br_px=1376,769&amp;force_format=jpeg&amp;q=100&amp;width=1120.0&amp;wat=1&amp;wat_opacity=1&amp;wat_gravity=northwest&amp;wat_url=https://colony-recorder.s3.amazonaws.com/images/watermarks/0EA5E9_standard.png&amp;wat_pad=503,244",https://raw.githubusercontent.com/PrivateAuto/pa-kb-assets/main/dealnow/317/img-22.webp
317,23,external,"https://ajeuwbhvhr.cloudimg.io/https://colony-recorder.s3.amazonaws.com/files/2025-11-25/ec346d4a-95e0-4393-9a4a-44f374bb1484/ascreenshot.jpeg?tl_px=213,273&amp;br_px=1590,1042&amp;force_format=jpeg&amp;q=100&amp;width=1120.0&amp;wat=1&amp;wat_opacity=1&amp;wat_gravity=northwest&amp;wat_url=https://colony-recorder.s3.amazonaws.com/images/watermarks/0EA5E9_standard.png&amp;wat_pad=524,277",https://raw.githubusercontent.com/PrivateAuto/pa-kb-assets/main/dealnow/317/img-23.jpg
317,24,external,"https://ajeuwbhvhr.cloudimg.io/https://colony-recorder.s3.amazonaws.com/files/2025-11-25/0877180a-8a77-4179-a044-f291d4240671/user_cropped_screenshot.webp?tl_px=122,58&amp;br_px=1499,827&amp;force_format=jpeg&amp;q=100&amp;width=1120.0&amp;wat=1&amp;wat_opacity=1&amp;wat_gravity=northwest&amp;wat_url=https://colony-recorder.s3.amazonaws.com/images/watermarks/0EA5E9_standard.png&amp;wat_pad=551,368",https://raw.githubusercontent.com/PrivateAuto/pa-kb-assets/main/dealnow/317/img-24.webp
328,1,external,"https://ajeuwbhvhr.cloudimg.io/https://colony-recorder.s3.amazonaws.com/files/2025-11-13/bc184892-732a-45e2-89f3-fd5614c2f58c/user_cropped_screenshot.webp?tl_px=360,277&amp;br_px=1599,969&amp;force_format=jpeg&amp;q=100&amp;width=1120.0&amp;wat=1&amp;wat_opacity=1&amp;wat_gravity=northwest&amp;wat_url=https://colony-recorder.s3.amazonaws.com/images/watermarks/0EA5E9_standard.png&amp;wat_pad=271,369",https://raw.githubusercontent.com/PrivateAuto/pa-kb-assets/main/dealnow/328/img-01.webp
328,2,external,"https://ajeuwbhvhr.cloudimg.io/https://colony-recorder.s3.amazonaws.com/files/2025-11-13/095101d8-a226-4367-b048-46b088a755cd/user_cropped_screenshot.webp?tl_px=340,222&amp;br_px=1578,914&amp;force_format=jpeg&amp;q=100&amp;width=1120.0&amp;wat=1&amp;wat_opacity=1&amp;wat_gravity=northwest&amp;wat_url=https://colony-recorder.s3.amazonaws.com/images/watermarks/0EA5E9_standard.png&amp;wat_pad=484,471",https://raw.githubusercontent.com/PrivateAuto/pa-kb-assets/main/dealnow/328/img-02.webp
328,3,external,"https://ajeuwbhvhr.cloudimg.io/https://colony-recorder.s3.amazonaws.com/files/2025-11-13/e86501fb-4a0e-46ab-a9b3-714a18794189/user_cropped_screenshot.webp?tl_px=379,225&amp;br_px=1618,917&amp;force_format=jpeg&amp;q=100&amp;width=1120.0&amp;wat=1&amp;wat_opacity=1&amp;wat_gravity=northwest&amp;wat_url=https://colony-recorder.s3.amazonaws.com/images/watermarks/0EA5E9_standard.png&amp;wat_pad=467,412",https://raw.githubusercontent.com/PrivateAuto/pa-kb-assets/main/dealnow/328/img-03.webp
328,4,external,"https://ajeuwbhvhr.cloudimg.io/https://colony-recorder.s3.amazonaws.com/files/2025-11-13/de8abb10-fea2-4a4e-90b5-68b9af83eda2/user_cropped_screenshot.webp?tl_px=358,179&amp;br_px=1597,871&amp;force_format=jpeg&amp;q=100&amp;width=1120.0&amp;wat=1&amp;wat_opacity=1&amp;wat_gravity=northwest&amp;wat_url=https://colony-recorder.s3.amazonaws.com/images/watermarks/0EA5E9_standard.png&amp;wat_pad=416,337",https://raw.githubusercontent.com/PrivateAuto/pa-kb-assets/main/dealnow/328/img-04.webp
328,5,external,"https://ajeuwbhvhr.cloudimg.io/https://colony-recorder.s3.amazonaws.com/files/2025-11-13/0e46c04d-bb83-4169-8e3d-30a8e694e26c/screenshot.webp?tl_px=0,0&amp;br_px=924,772&amp;force_format=jpeg&amp;q=100&amp;width=1120.0",https://raw.githubusercontent.com/PrivateAuto/pa-kb-assets/main/dealnow/328/img-05.webp
328,6,external,"https://ajeuwbhvhr.cloudimg.io/https://colony-recorder.s3.amazonaws.com/files/2025-11-13/68ecf492-68cd-4565-854e-56d75b6b9272/user_cropped_screenshot.webp?tl_px=460,196&amp;br_px=1510,783&amp;force_format=jpeg&amp;q=100&amp;width=1049&amp;wat_scale=93&amp;wat=1&amp;wat_opacity=1&amp;wat_gravity=northwest&amp;wat_url=https://colony-recorder.s3.amazonaws.com/images/watermarks/0EA5E9_standard.png&amp;wat_pad=774,108",https://raw.githubusercontent.com/PrivateAuto/pa-kb-assets/main/dealnow/328/img-06.webp
328,7,external,"https://ajeuwbhvhr.cloudimg.io/https://colony-recorder.s3.amazonaws.com/files/2025-11-13/4286afc2-87e5-4f0b-988a-139a19ff1b16/user_cropped_screenshot.webp?tl_px=498,194&amp;br_px=1548,781&amp;force_format=jpeg&amp;q=100&amp;width=1049&amp;wat_scale=93&amp;wat=1&amp;wat_opacity=1&amp;wat_gravity=northwest&amp;wat_url=https://colony-recorder.s3.amazonaws.com/images/watermarks/0EA5E9_standard.png&amp;wat_pad=736,120",https://raw.githubusercontent.com/PrivateAuto/pa-kb-assets/main/dealnow/328/img-07.webp
328,8,external,"https://ajeuwbhvhr.cloudimg.io/https://colony-recorder.s3.amazonaws.com/files/2025-11-13/662137c7-3677-4a79-bd2b-15de7f7b6213/ascreenshot.jpeg?tl_px=597,491&amp;br_px=2563,1590&amp;force_format=jpeg&amp;q=100&amp;width=1120.0&amp;wat=1&amp;wat_opacity=1&amp;wat_gravity=northwest&amp;wat_url=https://colony-recorder.s3.amazonaws.com/images/watermarks/0EA5E9_standard.png&amp;wat_pad=543,456",https://raw.githubusercontent.com/PrivateAuto/pa-kb-assets/main/dealnow/328/img-08.jpg
328,9,external,"https://ajeuwbhvhr.cloudimg.io/https://colony-recorder.s3.amazonaws.com/files/2025-11-13/da1916d0-3f33-4048-8920-14ca71e37c80/user_cropped_screenshot.webp?tl_px=606,300&amp;br_px=1845,992&amp;force_format=jpeg&amp;q=100&amp;width=1120.0&amp;wat=1&amp;wat_opacity=1&amp;wat_gravity=northwest&amp;wat_url=https://colony-recorder.s3.amazonaws.com/images/watermarks/0EA5E9_standard.png&amp;wat_pad=491,473",https://raw.githubusercontent.com/PrivateAuto/pa-kb-assets/main/dealnow/328/img-09.webp
328,10,external,"https://ajeuwbhvhr.cloudimg.io/https://colony-recorder.s3.amazonaws.com/files/2025-11-13/0ca561ef-63f1-4709-9e9f-b1a76583dba3/ascreenshot.jpeg?tl_px=490,182&amp;br_px=1866,951&amp;force_format=jpeg&amp;q=100&amp;width=1120.0&amp;wat=1&amp;wat_opacity=1&amp;wat_gravity=northwest&amp;wat_url=https://colony-recorder.s3.amazonaws.com/images/watermarks/0EA5E9_standard.png&amp;wat_pad=517,193",https://raw.githubusercontent.com/PrivateAuto/pa-kb-assets/main/dealnow/328/img-10.jpg
328,11,external,"https://ajeuwbhvhr.cloudimg.io/https://colony-recorder.s3.amazonaws.com/files/2025-11-13/313e1025-4e58-442a-92df-69159703676f/user_cropped_screenshot.webp?tl_px=595,283&amp;br_px=1834,976&amp;force_format=jpeg&amp;q=100&amp;width=1120.0&amp;wat=1&amp;wat_opacity=1&amp;wat_gravity=northwest&amp;wat_url=https://colony-recorder.s3.amazonaws.com/images/watermarks/0EA5E9_standard.png&amp;wat_pad=491,446",https://raw.githubusercontent.com/PrivateAuto/pa-kb-assets/main/dealnow/328/img-11.webp
328,12,external,"https://ajeuwbhvhr.cloudimg.io/https://colony-recorder.s3.amazonaws.com/files/2025-11-13/6b80c4f1-9c84-40b4-8537-6ea1cd1ed0c2/ascreenshot.jpeg?tl_px=441,389&amp;br_px=1588,1030&amp;force_format=jpeg&amp;q=100&amp;width=1120.0&amp;wat=1&amp;wat_opacity=1&amp;wat_gravity=northwest&amp;wat_url=https://colony-recorder.s3.amazonaws.com/images/watermarks/0EA5E9_standard.png&amp;wat_pad=685,379",https://raw.githubusercontent.com/PrivateAuto/pa-kb-assets/main/dealnow/328/img-12.jpg
328,13,external,"https://ajeuwbhvhr.cloudimg.io/https://colony-recorder.s3.amazonaws.com/files/2025-11-13/96d630b6-e61e-4e21-b2ab-c0c1c36ade0b/ascreenshot.jpeg?tl_px=476,195&amp;br_px=1852,964&amp;force_format=jpeg&amp;q=100&amp;width=1120.0&amp;wat=1&amp;wat_opacity=1&amp;wat_gravity=northwest&amp;wat_url=https://colony-recorder.s3.amazonaws.com/images/watermarks/0EA5E9_standard.png&amp;wat_pad=253,441",https://raw.githubusercontent.com/PrivateAuto/pa-kb-assets/main/dealnow/328/img-13.jpg
328,14,external,"https://ajeuwbhvhr.cloudimg.io/https://colony-recorder.s3.amazonaws.com/files/2025-11-13/568cd577-c889-4a62-934d-9a08c5fe6b8b/ascreenshot.jpeg?tl_px=750,179&amp;br_px=1896,820&amp;force_format=jpeg&amp;q=100&amp;width=1120.0&amp;wat=1&amp;wat_opacity=1&amp;wat_gravity=northwest&amp;wat_url=https://colony-recorder.s3.amazonaws.com/images/watermarks/0EA5E9_standard.png&amp;wat_pad=967,8",https://raw.githubusercontent.com/PrivateAuto/pa-kb-assets/main/dealnow/328/img-14.jpg
328,15,external,"https://ajeuwbhvhr.cloudimg.io/https://colony-recorder.s3.amazonaws.com/files/2025-11-13/d9570ed6-13fe-49fb-bc7a-7caea58da9af/ascreenshot.jpeg?tl_px=582,248&amp;br_px=1729,889&amp;force_format=jpeg&amp;q=100&amp;width=1120.0&amp;wat=1&amp;wat_opacity=1&amp;wat_gravity=northwest&amp;wat_url=https://colony-recorder.s3.amazonaws.com/images/watermarks/0EA5E9_standard.png&amp;wat_pad=369,351",https://raw.githubusercontent.com/PrivateAuto/pa-kb-assets/main/dealnow/328/img-15.jpg
328,16,external,"https://ajeuwbhvhr.cloudimg.io/https://colony-recorder.s3.amazonaws.com/files/2025-11-13/fa28a55f-630b-4498-99ad-83b7b45150d6/ascreenshot.jpeg?tl_px=415,310&amp;br_px=1791,1080&amp;force_format=jpeg&amp;q=100&amp;width=1120.0&amp;wat=1&amp;wat_opacity=1&amp;wat_gravity=northwest&amp;wat_url=https://colony-recorder.s3.amazonaws.com/images/watermarks/0EA5E9_standard.png&amp;wat_pad=524,466",https://raw.githubusercontent.com/PrivateAuto/pa-kb-assets/main/dealnow/328/img-16.jpg
328,17,external,"https://ajeuwbhvhr.cloudimg.io/https://colony-recorder.s3.amazonaws.com/files/2025-11-13/d13273ae-3616-4c06-ac06-e0c90083308e/ascreenshot.jpeg?tl_px=337,215&amp;br_px=1714,984&amp;force_format=jpeg&amp;q=100&amp;width=1120.0&amp;wat=1&amp;wat_opacity=1&amp;wat_gravity=northwest&amp;wat_url=https://colony-recorder.s3.amazonaws.com/images/watermarks/0EA5E9_standard.png&amp;wat_pad=828,524",https://raw.githubusercontent.com/PrivateAuto/pa-kb-assets/main/dealnow/328/img-17.jpg
332,1,external,"https://ajeuwbhvhr.cloudimg.io/https://colony-recorder.s3.amazonaws.com/files/2025-11-13/662137c7-3677-4a79-bd2b-15de7f7b6213/ascreenshot.jpeg?tl_px=597,491&amp;br_px=2563,1590&amp;force_format=jpeg&amp;q=100&amp;width=1120.0&amp;wat=1&amp;wat_opacity=1&amp;wat_gravity=northwest&amp;wat_url=https://colony-recorder.s3.amazonaws.com/images/watermarks/0EA5E9_standard.png&amp;wat_pad=543,456",https://raw.githubusercontent.com/PrivateAuto/pa-kb-assets/main/dealnow/332/img-01.jpg
332,2,external,"https://ajeuwbhvhr.cloudimg.io/https://colony-recorder.s3.amazonaws.com/files/2025-11-13/da1916d0-3f33-4048-8920-14ca71e37c80/user_cropped_screenshot.webp?tl_px=606,300&amp;br_px=1845,992&amp;force_format=jpeg&amp;q=100&amp;width=1120.0&amp;wat=1&amp;wat_opacity=1&amp;wat_gravity=northwest&amp;wat_url=https://colony-recorder.s3.amazonaws.com/images/watermarks/0EA5E9_standard.png&amp;wat_pad=491,473",https://raw.githubusercontent.com/PrivateAuto/pa-kb-assets/main/dealnow/332/img-02.webp
332,3,external,"https://ajeuwbhvhr.cloudimg.io/https://colony-recorder.s3.amazonaws.com/files/2025-11-13/0ca561ef-63f1-4709-9e9f-b1a76583dba3/ascreenshot.jpeg?tl_px=490,182&amp;br_px=1866,951&amp;force_format=jpeg&amp;q=100&amp;width=1120.0&amp;wat=1&amp;wat_opacity=1&amp;wat_gravity=northwest&amp;wat_url=https://colony-recorder.s3.amazonaws.com/images/watermarks/0EA5E9_standard.png&amp;wat_pad=517,193",https://raw.githubusercontent.com/PrivateAuto/pa-kb-assets/main/dealnow/332/img-03.jpg
332,4,external,"https://ajeuwbhvhr.cloudimg.io/https://colony-recorder.s3.amazonaws.com/files/2025-11-13/313e1025-4e58-442a-92df-69159703676f/user_cropped_screenshot.webp?tl_px=595,283&amp;br_px=1834,976&amp;force_format=jpeg&amp;q=100&amp;width=1120.0&amp;wat=1&amp;wat_opacity=1&amp;wat_gravity=northwest&amp;wat_url=https://colony-recorder.s3.amazonaws.com/images/watermarks/0EA5E9_standard.png&amp;wat_pad=491,446",https://raw.githubusercontent.com/PrivateAuto/pa-kb-assets/main/dealnow/332/img-04.webp
332,5,external,"https://ajeuwbhvhr.cloudimg.io/https://colony-recorder.s3.amazonaws.com/files/2025-11-13/6b80c4f1-9c84-40b4-8537-6ea1cd1ed0c2/ascreenshot.jpeg?tl_px=441,389&amp;br_px=1588,1030&amp;force_format=jpeg&amp;q=100&amp;width=1120.0&amp;wat=1&amp;wat_opacity=1&amp;wat_gravity=northwest&amp;wat_url=https://colony-recorder.s3.amazonaws.com/images/watermarks/0EA5E9_standard.png&amp;wat_pad=685,379",https://raw.githubusercontent.com/PrivateAuto/pa-kb-assets/main/dealnow/332/img-05.jpg
332,6,external,"https://ajeuwbhvhr.cloudimg.io/https://colony-recorder.s3.amazonaws.com/files/2025-11-13/96d630b6-e61e-4e21-b2ab-c0c1c36ade0b/ascreenshot.jpeg?tl_px=476,195&amp;br_px=1852,964&amp;force_format=jpeg&amp;q=100&amp;width=1120.0&amp;wat=1&amp;wat_opacity=1&amp;wat_gravity=northwest&amp;wat_url=https://colony-recorder.s3.amazonaws.com/images/watermarks/0EA5E9_standard.png&amp;wat_pad=253,441",https://raw.githubusercontent.com/PrivateAuto/pa-kb-assets/main/dealnow/332/img-06.jpg
332,7,external,"https://ajeuwbhvhr.cloudimg.io/https://colony-recorder.s3.amazonaws.com/files/2025-11-13/568cd577-c889-4a62-934d-9a08c5fe6b8b/ascreenshot.jpeg?tl_px=750,179&amp;br_px=1896,820&amp;force_format=jpeg&amp;q=100&amp;width=1120.0&amp;wat=1&amp;wat_opacity=1&amp;wat_gravity=northwest&amp;wat_url=https://colony-recorder.s3.amazonaws.com/images/watermarks/0EA5E9_standard.png&amp;wat_pad=967,8",https://raw.githubusercontent.com/PrivateAuto/pa-kb-assets/main/dealnow/332/img-07.jpg
332,8,external,"https://ajeuwbhvhr.cloudimg.io/https://colony-recorder.s3.amazonaws.com/files/2025-11-13/d9570ed6-13fe-49fb-bc7a-7caea58da9af/ascreenshot.jpeg?tl_px=582,248&amp;br_px=1729,889&amp;force_format=jpeg&amp;q=100&amp;width=1120.0&amp;wat=1&amp;wat_opacity=1&amp;wat_gravity=northwest&amp;wat_url=https://colony-recorder.s3.amazonaws.com/images/watermarks/0EA5E9_standard.png&amp;wat_pad=369,351",https://raw.githubusercontent.com/PrivateAuto/pa-kb-assets/main/dealnow/332/img-08.jpg
332,9,external,"https://ajeuwbhvhr.cloudimg.io/https://colony-recorder.s3.amazonaws.com/files/2025-11-13/fa28a55f-630b-4498-99ad-83b7b45150d6/ascreenshot.jpeg?tl_px=415,310&amp;br_px=1791,1080&amp;force_format=jpeg&amp;q=100&amp;width=1120.0&amp;wat=1&amp;wat_opacity=1&amp;wat_gravity=northwest&amp;wat_url=https://colony-recorder.s3.amazonaws.com/images/watermarks/0EA5E9_standard.png&amp;wat_pad=524,466",https://raw.githubusercontent.com/PrivateAuto/pa-kb-assets/main/dealnow/332/img-09.jpg
332,10,external,"https://ajeuwbhvhr.cloudimg.io/https://colony-recorder.s3.amazonaws.com/files/2025-11-13/d13273ae-3616-4c06-ac06-e0c90083308e/ascreenshot.jpeg?tl_px=337,215&amp;br_px=1714,984&amp;force_format=jpeg&amp;q=100&amp;width=1120.0&amp;wat=1&amp;wat_opacity=1&amp;wat_gravity=northwest&amp;wat_url=https://colony-recorder.s3.amazonaws.com/images/watermarks/0EA5E9_standard.png&amp;wat_pad=828,524",https://raw.githubusercontent.com/PrivateAuto/pa-kb-assets/main/dealnow/332/img-10.jpg
335,1,external,"https://ajeuwbhvhr.cloudimg.io/https://colony-recorder.s3.amazonaws.com/files/2025-12-02/3a7cdcbe-d868-4a28-b5bd-1341ea1c05c1/ascreenshot.jpeg?tl_px=0,0&amp;br_px=1541,911&amp;force_format=jpeg&amp;q=100&amp;width=1120.0&amp;wat=1&amp;wat_opacity=0.7&amp;wat_gravity=northwest&amp;wat_url=https://colony-recorder.s3.us-west-1.amazonaws.com/images/watermarks/FB923C_standard.png&amp;wat_pad=1024,-4",https://raw.githubusercontent.com/PrivateAuto/pa-kb-assets/main/dealnow/335/img-01.jpg
335,2,native,https://d33v4339jhl8k0.cloudfront.net/docs/assets/5e6128602c7d3a7e9ae8bb2f/images/692f7b1543f427114b72f7d8/file-D88SOHQFae.png,https://raw.githubusercontent.com/PrivateAuto/pa-kb-assets/main/dealnow/335/img-02.png
335,3,external,"https://ajeuwbhvhr.cloudimg.io/https://colony-recorder.s3.amazonaws.com/files/2025-12-02/6ff2d5ae-2364-4313-a419-4ec01eefcddb/ascreenshot.jpeg?tl_px=164,0&amp;br_px=1541,769&amp;force_format=jpeg&amp;q=100&amp;width=1120.0&amp;wat=1&amp;wat_opacity=0.7&amp;wat_gravity=northwest&amp;wat_url=https://colony-recorder.s3.us-west-1.amazonaws.com/images/watermarks/FB923C_standard.png&amp;wat_pad=825,3",https://raw.githubusercontent.com/PrivateAuto/pa-kb-assets/main/dealnow/335/img-03.jpg
335,4,external,"https://ajeuwbhvhr.cloudimg.io/https://colony-recorder.s3.amazonaws.com/files/2025-12-02/662fc091-3d59-4be3-a0ba-3ef08e3b6455/ascreenshot.jpeg?tl_px=156,57&amp;br_px=1475,794&amp;force_format=jpeg&amp;q=100&amp;width=1120.0&amp;wat=1&amp;wat_opacity=0.7&amp;wat_gravity=northwest&amp;wat_url=https://colony-recorder.s3.us-west-1.amazonaws.com/images/watermarks/FB923C_standard.png&amp;wat_pad=647,485",https://raw.githubusercontent.com/PrivateAuto/pa-kb-assets/main/dealnow/335/img-04.jpg
338,1,native,https://d33v4339jhl8k0.cloudfront.net/docs/assets/5e6128602c7d3a7e9ae8bb2f/images/695303b5e5a8b82af2b68382/file-ne8U8kSjXg.png,https://raw.githubusercontent.com/PrivateAuto/pa-kb-assets/main/dealnow/338/img-01.png
339,1,native,https://d33v4339jhl8k0.cloudfront.net/docs/assets/5e6128602c7d3a7e9ae8bb2f/images/6953050340238d35e8dd0e8c/file-Ns5Mt6CE2C.png,https://raw.githubusercontent.com/PrivateAuto/pa-kb-assets/main/dealnow/339/img-01.png
342,1,native,https://d33v4339jhl8k0.cloudfront.net/docs/assets/5e6128602c7d3a7e9ae8bb2f/images/697d33691cc25109d884f6cd/file-igpOVlyHVM.png,https://raw.githubusercontent.com/PrivateAuto/pa-kb-assets/main/dealnow/342/img-01.png
342,2,native,https://d33v4339jhl8k0.cloudfront.net/docs/assets/5e6128602c7d3a7e9ae8bb2f/images/697d336b139abca5ea458ecd/file-5ZIycZ0gXp.png,https://raw.githubusercontent.com/PrivateAuto/pa-kb-assets/main/dealnow/342/img-02.png
342,3,native,https://d33v4339jhl8k0.cloudfront.net/docs/assets/5e6128602c7d3a7e9ae8bb2f/images/697d336d36a61524a3d3c55e/file-tw9J31VH8I.png,https://raw.githubusercontent.com/PrivateAuto/pa-kb-assets/main/dealnow/342/img-03.png
343,1,native,https://d33v4339jhl8k0.cloudfront.net/docs/assets/5e6128602c7d3a7e9ae8bb2f/images/698133841d6a6fe906dcb7cd/file-kY9ldsqfhb.png,https://raw.githubusercontent.com/PrivateAuto/pa-kb-assets/main/dealnow/343/img-01.png
343,2,native,https://d33v4339jhl8k0.cloudfront.net/docs/assets/5e6128602c7d3a7e9ae8bb2f/images/69b19ce7b98ac67b68d3cef7/file-vL9gPHa1P6.png,https://raw.githubusercontent.com/PrivateAuto/pa-kb-assets/main/dealnow/343/img-02.png
345,1,native,https://d33v4339jhl8k0.cloudfront.net/docs/assets/5e6128602c7d3a7e9ae8bb2f/images/69e919f796a6df22f873548d/file-BGPi0FVmjJ.jpg,https://raw.githubusercontent.com/PrivateAuto/pa-kb-assets/main/dealnow/345/img-01.jpg
345,2,external,"https://ajeuwbhvhr.cloudimg.io/https://colony-recorder.s3.amazonaws.com/files/2025-11-25/92d26ae4-5781-47cf-aa6a-029ab5498da3/user_cropped_screenshot.webp?tl_px=65,0&amp;br_px=1612,863&amp;force_format=jpeg&amp;q=100&amp;width=1120.0&amp;wat=1&amp;wat_opacity=1&amp;wat_gravity=northwest&amp;wat_url=https://colony-recorder.s3.amazonaws.com/images/watermarks/0EA5E9_standard.png&amp;wat_pad=602,508",https://raw.githubusercontent.com/PrivateAuto/pa-kb-assets/main/dealnow/345/img-02.webp
345,3,native,https://d33v4339jhl8k0.cloudfront.net/docs/assets/5e6128602c7d3a7e9ae8bb2f/images/69e91a7c0981804c280470d3/file-kG5LJoyYTR.jpg,https://raw.githubusercontent.com/PrivateAuto/pa-kb-assets/main/dealnow/345/img-03.jpg
345,4,external,"https://ajeuwbhvhr.cloudimg.io/https://colony-recorder.s3.amazonaws.com/files/2025-11-25/31fee31d-6edc-413a-a649-a025d56e4430/user_cropped_screenshot.webp?tl_px=269,146&amp;br_px=1416,787&amp;force_format=jpeg&amp;q=100&amp;width=1120.0&amp;wat=1&amp;wat_opacity=1&amp;wat_gravity=northwest&amp;wat_url=https://colony-recorder.s3.amazonaws.com/images/watermarks/0EA5E9_standard.png&amp;wat_pad=246,417",https://raw.githubusercontent.com/PrivateAuto/pa-kb-assets/main/dealnow/345/img-04.webp
345,5,external,"https://ajeuwbhvhr.cloudimg.io/https://colony-recorder.s3.amazonaws.com/files/2025-11-25/8f3cd336-11f2-4e86-b045-a41e86470c71/user_cropped_screenshot.webp?tl_px=0,27&amp;br_px=1376,796&amp;force_format=jpeg&amp;q=100&amp;width=1120.0&amp;wat=1&amp;wat_opacity=1&amp;wat_gravity=northwest&amp;wat_url=https://colony-recorder.s3.amazonaws.com/images/watermarks/0EA5E9_standard.png&amp;wat_pad=222,277",https://raw.githubusercontent.com/PrivateAuto/pa-kb-assets/main/dealnow/345/img-05.webp
345,6,external,"https://ajeuwbhvhr.cloudimg.io/https://colony-recorder.s3.amazonaws.com/files/2025-11-25/53ff338b-e2d8-424a-a503-71122656ede3/user_cropped_screenshot.webp?tl_px=94,67&amp;br_px=1470,836&amp;force_format=jpeg&amp;q=100&amp;width=1120.0&amp;wat=1&amp;wat_opacity=1&amp;wat_gravity=northwest&amp;wat_url=https://colony-recorder.s3.amazonaws.com/images/watermarks/0EA5E9_standard.png&amp;wat_pad=527,387",https://raw.githubusercontent.com/PrivateAuto/pa-kb-assets/main/dealnow/345/img-06.webp
345,7,external,"https://ajeuwbhvhr.cloudimg.io/https://colony-recorder.s3.amazonaws.com/files/2025-11-25/c88ac0f2-b794-41d4-a428-3d9f1466b31a/user_cropped_screenshot.webp?tl_px=87,72&amp;br_px=1464,841&amp;force_format=jpeg&amp;q=100&amp;width=1120.0&amp;wat=1&amp;wat_opacity=1&amp;wat_gravity=northwest&amp;wat_url=https://colony-recorder.s3.amazonaws.com/images/watermarks/0EA5E9_standard.png&amp;wat_pad=476,298",https://raw.githubusercontent.com/PrivateAuto/pa-kb-assets/main/dealnow/345/img-07.webp
345,8,external,"https://ajeuwbhvhr.cloudimg.io/https://colony-recorder.s3.amazonaws.com/files/2025-11-25/fd325fbb-252f-40e3-8314-474f3c3419a1/user_cropped_screenshot.webp?tl_px=108,22&amp;br_px=1485,792&amp;force_format=jpeg&amp;q=100&amp;width=1120.0&amp;wat=1&amp;wat_opacity=1&amp;wat_gravity=northwest&amp;wat_url=https://colony-recorder.s3.amazonaws.com/images/watermarks/0EA5E9_standard.png&amp;wat_pad=524,411",https://raw.githubusercontent.com/PrivateAuto/pa-kb-assets/main/dealnow/345/img-08.webp
345,9,external,"https://ajeuwbhvhr.cloudimg.io/https://colony-recorder.s3.amazonaws.com/files/2025-11-25/8222e32f-678d-4a0e-9dfe-cfc4edafa829/ascreenshot.jpeg?tl_px=396,310&amp;br_px=1772,1080&amp;force_format=jpeg&amp;q=100&amp;width=1120.0&amp;wat=1&amp;wat_opacity=1&amp;wat_gravity=northwest&amp;wat_url=https://colony-recorder.s3.amazonaws.com/images/watermarks/0EA5E9_standard.png&amp;wat_pad=524,331",https://raw.githubusercontent.com/PrivateAuto/pa-kb-assets/main/dealnow/345/img-09.jpg
345,10,external,"https://ajeuwbhvhr.cloudimg.io/https://colony-recorder.s3.amazonaws.com/files/2025-11-25/025f3fb1-b785-4320-9e55-b6b0f7828d48/user_cropped_screenshot.webp?tl_px=0,0&amp;br_px=1376,769&amp;force_format=jpeg&amp;q=100&amp;width=1120.0&amp;wat=1&amp;wat_opacity=1&amp;wat_gravity=northwest&amp;wat_url=https://colony-recorder.s3.amazonaws.com/images/watermarks/0EA5E9_standard.png&amp;wat_pad=123,257",https://raw.githubusercontent.com/PrivateAuto/pa-kb-assets/main/dealnow/345/img-10.webp
345,11,native,https://d33v4339jhl8k0.cloudfront.net/docs/assets/5e6128602c7d3a7e9ae8bb2f/images/69e91d7d6dab4c511be89173/file-7wwZi3gEZo.jpg,https://raw.githubusercontent.com/PrivateAuto/pa-kb-assets/main/dealnow/345/img-11.jpg
345,12,external,"https://ajeuwbhvhr.cloudimg.io/https://colony-recorder.s3.amazonaws.com/files/2025-11-25/a29bb575-c758-4978-90f2-1155b4c36c2f/user_cropped_screenshot.webp?tl_px=122,67&amp;br_px=1499,836&amp;force_format=jpeg&amp;q=100&amp;width=1120.0&amp;wat=1&amp;wat_opacity=1&amp;wat_gravity=northwest&amp;wat_url=https://colony-recorder.s3.amazonaws.com/images/watermarks/0EA5E9_standard.png&amp;wat_pad=527,502",https://raw.githubusercontent.com/PrivateAuto/pa-kb-assets/main/dealnow/345/img-12.webp
346,1,native,https://d33v4339jhl8k0.cloudfront.net/docs/assets/5e6128602c7d3a7e9ae8bb2f/images/699f755cd0322963865bf844/file-NkvtnXU4aZ.png,https://raw.githubusercontent.com/PrivateAuto/pa-kb-assets/main/dealnow/346/img-01.png
346,2,native,https://d33v4339jhl8k0.cloudfront.net/docs/assets/5e6128602c7d3a7e9ae8bb2f/images/6a3d56622002584d4f3de772/file-gdxQj5wRV2.png,https://raw.githubusercontent.com/PrivateAuto/pa-kb-assets/main/dealnow/346/img-02.png
346,3,native,https://d33v4339jhl8k0.cloudfront.net/docs/assets/5e6128602c7d3a7e9ae8bb2f/images/699f4f1c6ea5f27c828f7408/file-43X0RTRxML.png,https://raw.githubusercontent.com/PrivateAuto/pa-kb-assets/main/dealnow/346/img-03.png
348,1,native,https://d33v4339jhl8k0.cloudfront.net/docs/assets/5e6128602c7d3a7e9ae8bb2f/images/69ab0adcf79ac76b8a9f058c/file-9Fzu1YzjgO.png,https://raw.githubusercontent.com/PrivateAuto/pa-kb-assets/main/dealnow/348/img-01.png
378,1,native,https://d33v4339jhl8k0.cloudfront.net/docs/assets/5e6128602c7d3a7e9ae8bb2f/images/69e72016068c15ed64223bb6/file-mBnkpCcBDQ.jpg,https://raw.githubusercontent.com/PrivateAuto/pa-kb-assets/main/dealnow/378/img-01.jpg
378,2,native,https://d33v4339jhl8k0.cloudfront.net/docs/assets/5e6128602c7d3a7e9ae8bb2f/images/69e71f88873c89b15d6d460f/file-irMFjzORq6.jpg,https://raw.githubusercontent.com/PrivateAuto/pa-kb-assets/main/dealnow/378/img-02.jpg
378,3,native,https://d33v4339jhl8k0.cloudfront.net/docs/assets/5e6128602c7d3a7e9ae8bb2f/images/69e7b5fc205a22c16bc5a67e/file-b26dzXaTwz.png,https://raw.githubusercontent.com/PrivateAuto/pa-kb-assets/main/dealnow/378/img-03.png
378,4,native,https://d33v4339jhl8k0.cloudfront.net/docs/assets/5e6128602c7d3a7e9ae8bb2f/images/69e7202c873c89b15d6d4612/file-LjVXfNDH2o.jpg,https://raw.githubusercontent.com/PrivateAuto/pa-kb-assets/main/dealnow/378/img-04.jpg
378,5,native,https://d33v4339jhl8k0.cloudfront.net/docs/assets/5e6128602c7d3a7e9ae8bb2f/images/69e72043dd009644a5ef36ad/file-r2xsgGkqbz.jpg,https://raw.githubusercontent.com/PrivateAuto/pa-kb-assets/main/dealnow/378/img-05.jpg
344,1,native (draft),https://s3.amazonaws.com/helpscout.net/docs/assets/5e6128602c7d3a7e9ae8bb2f/images/699624f1828e585f60409d64/file-NHutMjOivU.png,https://raw.githubusercontent.com/PrivateAuto/pa-kb-assets/main/dealnow/344/img-01.png
344,2,native (draft),https://s3.amazonaws.com/helpscout.net/docs/assets/5e6128602c7d3a7e9ae8bb2f/images/699624f1828e585f60409d65/file-AeFRaEH6Cq.png,https://raw.githubusercontent.com/PrivateAuto/pa-kb-assets/main/dealnow/344/img-02.png
344,3,native (draft),https://s3.amazonaws.com/helpscout.net/docs/assets/5e6128602c7d3a7e9ae8bb2f/images/699624f1ac245724735b2015/file-nWFZnKWgDR.png,https://raw.githubusercontent.com/PrivateAuto/pa-kb-assets/main/dealnow/344/img-03.png
344,4,native (draft),https://s3.amazonaws.com/helpscout.net/docs/assets/5e6128602c7d3a7e9ae8bb2f/images/699624f1ac245724735b2016/file-6b80uN7seM.png,https://raw.githubusercontent.com/PrivateAuto/pa-kb-assets/main/dealnow/344/img-04.png
344,5,native (draft),https://s3.amazonaws.com/helpscout.net/docs/assets/5e6128602c7d3a7e9ae8bb2f/images/699624f1ac245724735b2014/file-YwYEmNPs3t.png,https://raw.githubusercontent.com/PrivateAuto/pa-kb-assets/main/dealnow/344/img-05.png
344,6,native (draft),https://s3.amazonaws.com/helpscout.net/docs/assets/5e6128602c7d3a7e9ae8bb2f/images/699624f1828e585f60409d67/file-RiFZNGTRLX.png,https://raw.githubusercontent.com/PrivateAuto/pa-kb-assets/main/dealnow/344/img-06.png
344,7,native (draft),https://s3.amazonaws.com/helpscout.net/docs/assets/5e6128602c7d3a7e9ae8bb2f/images/699624f1828e585f60409d66/file-Fr8NoOnwCI.png,https://raw.githubusercontent.com/PrivateAuto/pa-kb-assets/main/dealnow/344/img-07.png
286,1,external (draft),"https://ajeuwbhvhr.cloudimg.io/colony-recorder.s3.amazonaws.com/files/2025-02-12/23aeabe1-8247-4996-a97e-2f32e6aabc96/ascreenshot.jpeg?tl_px=0,0&br_px=1541,934&force_format=jpeg&q=100&width=1120.0&wat=1&wat_opacity=0.7&wat_gravity=northwest&wat_url=https://colony-recorder.s3.us-west-1.amazonaws.com/images/watermarks/FB923C_standard.png&wat_pad=621,320",https://raw.githubusercontent.com/PrivateAuto/pa-kb-assets/main/dealnow/286/img-01.jpg
286,2,external (draft),"https://ajeuwbhvhr.cloudimg.io/colony-recorder.s3.amazonaws.com/files/2025-02-12/0d4d2fa1-e283-42b0-8b90-f34d5ae14d2d/ascreenshot.jpeg?tl_px=0,0&br_px=1376,769&force_format=jpeg&q=100&width=1120.0&wat=1&wat_opacity=0.7&wat_gravity=northwest&wat_url=https://colony-recorder.s3.us-west-1.amazonaws.com/images/watermarks/FB923C_standard.png&wat_pad=414,143",https://raw.githubusercontent.com/PrivateAuto/pa-kb-assets/main/dealnow/286/img-02.jpg
286,3,external (draft),"https://ajeuwbhvhr.cloudimg.io/colony-recorder.s3.amazonaws.com/files/2025-02-12/76d82060-582c-4301-a2e4-c7f4908ab202/ascreenshot.jpeg?tl_px=22,91&br_px=1398,860&force_format=jpeg&q=100&width=1120.0&wat=1&wat_opacity=0.7&wat_gravity=northwest&wat_url=https://colony-recorder.s3.us-west-1.amazonaws.com/images/watermarks/FB923C_standard.png&wat_pad=450,329",https://raw.githubusercontent.com/PrivateAuto/pa-kb-assets/main/dealnow/286/img-03.jpg
286,4,external (draft),"https://ajeuwbhvhr.cloudimg.io/colony-recorder.s3.amazonaws.com/files/2025-02-12/65ecb47b-019a-43bd-80aa-d19f1112a250/ascreenshot.jpeg?tl_px=76,157&br_px=1453,926&force_format=jpeg&q=100&width=1120.0&wat=1&wat_opacity=0.7&wat_gravity=northwest&wat_url=https://colony-recorder.s3.us-west-1.amazonaws.com/images/watermarks/FB923C_standard.png&wat_pad=528,223",https://raw.githubusercontent.com/PrivateAuto/pa-kb-assets/main/dealnow/286/img-04.jpg
286,5,external (draft),"https://ajeuwbhvhr.cloudimg.io/colony-recorder.s3.amazonaws.com/files/2025-02-12/e5292a3a-24c1-4865-be7b-96fb2b972f56/ascreenshot.jpeg?tl_px=76,59&br_px=1453,828&force_format=jpeg&q=100&width=1120.0&wat=1&wat_opacity=0.7&wat_gravity=northwest&wat_url=https://colony-recorder.s3.us-west-1.amazonaws.com/images/watermarks/FB923C_standard.png&wat_pad=524,467",https://raw.githubusercontent.com/PrivateAuto/pa-kb-assets/main/dealnow/286/img-05.jpg
289,1,native (draft),https://d33v4339jhl8k0.cloudfront.net/docs/assets/5e6128602c7d3a7e9ae8bb2f/images/68d6ff19234adb08a5d4ea63/file-vtLYj9afnA.png,https://raw.githubusercontent.com/PrivateAuto/pa-kb-assets/main/dealnow/289/img-01.png
289,2,external (draft),"https://ajeuwbhvhr.cloudimg.io/colony-recorder.s3.amazonaws.com/files/2024-11-20/54a6d608-8881-4b94-801a-102f61feaf48/ascreenshot.jpeg?tl_px=0,187&br_px=1375,956&force_format=jpeg&q=100&width=1120.0&wat=1&wat_opacity=0.7&wat_gravity=northwest&wat_url=https://colony-recorder.s3.us-west-1.amazonaws.com/images/watermarks/FB923C_standard.png&wat_pad=708,198",https://raw.githubusercontent.com/PrivateAuto/pa-kb-assets/main/dealnow/289/img-02.jpg
289,3,external (draft),"https://ajeuwbhvhr.cloudimg.io/colony-recorder.s3.amazonaws.com/files/2024-11-20/9d6130e0-d5fc-4e42-9531-9b24fadd474d/ascreenshot.jpeg?tl_px=268,128&br_px=1414,769&force_format=jpeg&q=100&width=1120.0&wat=1&wat_opacity=0.7&wat_gravity=northwest&wat_url=https://colony-recorder.s3.us-west-1.amazonaws.com/images/watermarks/FB923C_standard.png&wat_pad=222,307",https://raw.githubusercontent.com/PrivateAuto/pa-kb-assets/main/dealnow/289/img-03.jpg
289,4,external (draft),"https://ajeuwbhvhr.cloudimg.io/colony-recorder.s3.amazonaws.com/files/2024-11-20/31319063-222a-4bf8-bfff-a7712b385ee2/ascreenshot.jpeg?tl_px=276,249&br_px=1259,799&force_format=jpeg&q=100&width=983&wat_scale=87&wat=1&wat_opacity=0.7&wat_gravity=northwest&wat_url=https://colony-recorder.s3.us-west-1.amazonaws.com/images/watermarks/FB923C_standard.png&wat_pad=455,344",https://raw.githubusercontent.com/PrivateAuto/pa-kb-assets/main/dealnow/289/img-04.jpg
289,5,external (draft),"https://ajeuwbhvhr.cloudimg.io/colony-recorder.s3.amazonaws.com/files/2024-11-20/67d25c81-6765-4c5c-bada-f96d6117b0b8/screenshot.jpeg?tl_px=0,0&br_px=860,481&force_format=jpeg&q=100&width=862",https://raw.githubusercontent.com/PrivateAuto/pa-kb-assets/main/dealnow/289/img-05.jpg
289,6,external (draft),"https://ajeuwbhvhr.cloudimg.io/colony-recorder.s3.amazonaws.com/files/2024-11-20/1f48606f-17d7-4980-9022-ffc4f9ca571c/screenshot.jpeg?tl_px=0,0&br_px=1120,625&force_format=jpeg&q=100",https://raw.githubusercontent.com/PrivateAuto/pa-kb-assets/main/dealnow/289/img-06.jpg
289,7,external (draft),"https://ajeuwbhvhr.cloudimg.io/colony-recorder.s3.amazonaws.com/files/2024-11-20/62f96249-feaa-4f9f-a84e-c154fa32431d/ascreenshot.jpeg?tl_px=188,165&br_px=1335,806&force_format=jpeg&q=100&width=1120.0&wat=1&wat_opacity=0.7&wat_gravity=northwest&wat_url=https://colony-recorder.s3.us-west-1.amazonaws.com/images/watermarks/FB923C_standard.png&wat_pad=543,474",https://raw.githubusercontent.com/PrivateAuto/pa-kb-assets/main/dealnow/289/img-07.jpg
324,1,native (draft),https://s3.amazonaws.com/helpscout.net/docs/assets/5e6128602c7d3a7e9ae8bb2f/images/68e82d48457613330104de12/file-9IRlUgi7XN.png,https://raw.githubusercontent.com/PrivateAuto/pa-kb-assets/main/dealnow/324/img-01.png
324,2,native (draft),https://s3.amazonaws.com/helpscout.net/docs/assets/5e6128602c7d3a7e9ae8bb2f/images/68e82f4d14f0340e8d85212c/file-DYnYQGHqkY.png,https://raw.githubusercontent.com/PrivateAuto/pa-kb-assets/main/dealnow/324/img-02.png
324,3,external (draft),"https://ajeuwbhvhr.cloudimg.io/https://colony-recorder.s3.amazonaws.com/files/2025-07-25/e49744d7-0665-4a21-b890-479a2ab089e9/ascreenshot.jpeg?tl_px=494,311&br_px=1067,632&force_format=jpeg&q=100&width=573&wat_scale=51&wat=1&wat_opacity=0.7&wat_gravity=northwest&wat_url=https://colony-recorder.s3.us-west-1.amazonaws.com/images/watermarks/FB923C_standard.png&wat_pad=332,180",https://raw.githubusercontent.com/PrivateAuto/pa-kb-assets/main/dealnow/324/img-03.jpg
324,4,external (draft),"https://ajeuwbhvhr.cloudimg.io/https://colony-recorder.s3.amazonaws.com/files/2025-07-25/7de00900-f583-4c23-a72d-f78258929a4c/ascreenshot.jpeg?tl_px=403,225&br_px=1092,610&force_format=jpeg&q=100&width=688&wat_scale=61&wat=1&wat_opacity=0.7&wat_gravity=northwest&wat_url=https://colony-recorder.s3.us-west-1.amazonaws.com/images/watermarks/FB923C_standard.png&wat_pad=218,196",https://raw.githubusercontent.com/PrivateAuto/pa-kb-assets/main/dealnow/324/img-04.jpg
324,5,external (draft),"https://ajeuwbhvhr.cloudimg.io/https://colony-recorder.s3.amazonaws.com/files/2025-07-25/dd2535ec-db6e-41e3-98f5-c058233d3f94/ascreenshot.jpeg?tl_px=484,253&br_px=1057,574&force_format=jpeg&q=100&width=573&wat_scale=51&wat=1&wat_opacity=0.7&wat_gravity=northwest&wat_url=https://colony-recorder.s3.us-west-1.amazonaws.com/images/watermarks/FB923C_standard.png&wat_pad=268,320",https://raw.githubusercontent.com/PrivateAuto/pa-kb-assets/main/dealnow/324/img-05.jpg
324,6,external (draft),"https://ajeuwbhvhr.cloudimg.io/https://colony-recorder.s3.amazonaws.com/files/2025-07-25/14fe1bb6-a061-4621-b50d-eed9d12d5594/ascreenshot.jpeg?tl_px=188,122&br_px=1335,763&force_format=jpeg&q=100&width=1120.0&wat=1&wat_opacity=0.7&wat_gravity=northwest&wat_url=https://colony-recorder.s3.us-west-1.amazonaws.com/images/watermarks/FB923C_standard.png&wat_pad=501,547",https://raw.githubusercontent.com/PrivateAuto/pa-kb-assets/main/dealnow/324/img-06.jpg
324,7,external (draft),"https://ajeuwbhvhr.cloudimg.io/https://colony-recorder.s3.amazonaws.com/files/2025-07-25/8f48bf35-2100-40f1-98e9-5f9508034de1/ascreenshot.jpeg?tl_px=164,0&br_px=1541,769&force_format=jpeg&q=100&width=1120.0&wat=1&wat_opacity=0.7&wat_gravity=northwest&wat_url=https://colony-recorder.s3.us-west-1.amazonaws.com/images/watermarks/FB923C_standard.png&wat_pad=717,222",https://raw.githubusercontent.com/PrivateAuto/pa-kb-assets/main/dealnow/324/img-07.jpg
287,1,external (draft),"https://ajeuwbhvhr.cloudimg.io/colony-recorder.s3.amazonaws.com/files/2024-11-25/4fe8998d-4cfa-4ca5-966b-d4b9d44958e3/ascreenshot.jpeg?tl_px=0,572&br_px=1719,1533&force_format=jpeg&q=100&width=1120.0&wat=1&wat_opacity=1&wat_gravity=northwest&wat_url=https://colony-recorder.s3.amazonaws.com/images/watermarks/0EA5E9_standard.png&wat_pad=60,276",https://raw.githubusercontent.com/PrivateAuto/pa-kb-assets/main/dealnow/287/img-01.jpg
287,2,external (draft),"https://ajeuwbhvhr.cloudimg.io/colony-recorder.s3.amazonaws.com/files/2024-11-25/9120a9ad-b9cd-443a-8b1f-157bc6588a92/ascreenshot.jpeg?tl_px=843,902&br_px=2563,1864&force_format=jpeg&q=100&width=1120.0&wat=1&wat_opacity=1&wat_gravity=northwest&wat_url=https://colony-recorder.s3.amazonaws.com/images/watermarks/0EA5E9_standard.png&wat_pad=524,332",https://raw.githubusercontent.com/PrivateAuto/pa-kb-assets/main/dealnow/287/img-02.jpg
287,3,external (draft),"https://ajeuwbhvhr.cloudimg.io/colony-recorder.s3.amazonaws.com/files/2024-11-25/25a08aa8-ef79-4996-b1e9-2b32f49b4fd8/ascreenshot.jpeg?tl_px=774,665&br_px=2494,1626&force_format=jpeg&q=100&width=1120.0&wat=1&wat_opacity=1&wat_gravity=northwest&wat_url=https://colony-recorder.s3.amazonaws.com/images/watermarks/0EA5E9_standard.png&wat_pad=524,276",https://raw.githubusercontent.com/PrivateAuto/pa-kb-assets/main/dealnow/287/img-03.jpg
287,4,external (draft),"https://ajeuwbhvhr.cloudimg.io/colony-recorder.s3.amazonaws.com/files/2024-11-25/6a7b1a90-b9d1-47d6-a1df-8d113c59de25/ascreenshot.jpeg?tl_px=314,441&br_px=2033,1402&force_format=jpeg&q=100&width=1120.0&wat=1&wat_opacity=1&wat_gravity=northwest&wat_url=https://colony-recorder.s3.amazonaws.com/images/watermarks/0EA5E9_standard.png&wat_pad=524,277",https://raw.githubusercontent.com/PrivateAuto/pa-kb-assets/main/dealnow/287/img-04.jpg
287,5,external (draft),"https://ajeuwbhvhr.cloudimg.io/colony-recorder.s3.amazonaws.com/files/2024-11-25/3af413f7-369f-4049-a7a7-d25f89c0b6e1/ascreenshot.jpeg?tl_px=736,404&br_px=2456,1365&force_format=jpeg&q=100&width=1120.0&wat=1&wat_opacity=1&wat_gravity=northwest&wat_url=https://colony-recorder.s3.amazonaws.com/images/watermarks/0EA5E9_standard.png&wat_pad=523,277",https://raw.githubusercontent.com/PrivateAuto/pa-kb-assets/main/dealnow/287/img-05.jpg
287,6,external (draft),"https://ajeuwbhvhr.cloudimg.io/colony-recorder.s3.amazonaws.com/files/2024-11-25/28c7e132-3c0d-434c-be5d-e11054ee267c/ascreenshot.jpeg?tl_px=596,731&br_px=2316,1692&force_format=jpeg&q=100&width=1120.0&wat=1&wat_opacity=1&wat_gravity=northwest&wat_url=https://colony-recorder.s3.amazonaws.com/images/watermarks/0EA5E9_standard.png&wat_pad=524,276",https://raw.githubusercontent.com/PrivateAuto/pa-kb-assets/main/dealnow/287/img-06.jpg
287,7,external (draft),"https://ajeuwbhvhr.cloudimg.io/colony-recorder.s3.amazonaws.com/files/2024-11-25/4f0527e8-fe3d-4703-8584-2205fdb54a30/ascreenshot.jpeg?tl_px=575,660&br_px=2295,1621&force_format=jpeg&q=100&width=1120.0&wat=1&wat_opacity=1&wat_gravity=northwest&wat_url=https://colony-recorder.s3.amazonaws.com/images/watermarks/0EA5E9_standard.png&wat_pad=524,277",https://raw.githubusercontent.com/PrivateAuto/pa-kb-assets/main/dealnow/287/img-07.jpg
287,8,external (draft),"https://ajeuwbhvhr.cloudimg.io/colony-recorder.s3.amazonaws.com/files/2024-11-25/f3939050-258f-4e7a-a2cc-3d3495fe8ac2/ascreenshot.jpeg?tl_px=646,683&br_px=2366,1645&force_format=jpeg&q=100&width=1120.0&wat=1&wat_opacity=1&wat_gravity=northwest&wat_url=https://colony-recorder.s3.amazonaws.com/images/watermarks/0EA5E9_standard.png&wat_pad=527,350",https://raw.githubusercontent.com/PrivateAuto/pa-kb-assets/main/dealnow/287/img-08.jpg
